Div,Date,HomeTeam,AwayTeam,FTHG,FTAG,FTR,HTHG,HTAG,HTR,GBH,GBD,GBA,IWH,IWD,IWA,SYH,SYD,SYA,WHH,WHD,WHA,EloHome,EloAway
SP2,25/08/01,Ath Madrid,Jaen,2,0,H,0,0,D,,,,1.3,4.0,7.0,1.44,3.5,7.0,1.4,3.6,7.0,1594.73,1501.09
SP2,25/08/01,Poli Ejido,Burgos,0,1,A,0,0,D,,,,2.0,2.9,3.0,,,,2.1,3.3,2.8,1480.0,1480.0
SP2,25/08/01,Elche,Ferrol,0,0,D,0,0,D,,,,2.1,2.8,3.0,2.2,3.0,3.0,2.2,2.75,3.15,1441.29,1475.23
SP2,25/08/01,Gimnastic,Santander,0,0,D,0,0,D,,,,2.7,2.9,2.2,,,,,,,1480.0,1544.82
SP2,26/08/01,Albacete,Levante,3,0,H,0,0,D,,,,1.65,2.8,4.4,1.8,3.1,4.0,2.0,2.8,3.6,1520.43,1510.35
SP2,26/08/01,Badajoz,Recreativo,1,0,H,0,0,D,,,,2.3,2.6,2.8,2.2,2.88,3.1,2.5,2.7,2.75,1446.52,1503.55
SP2,26/08/01,Cordoba,Leganes,1,1,D,0,1,A,,,,1.75,2.9,3.8,1.8,3.1,4.0,1.9,3.0,3.6,1468.14,1440.24
SP2,26/08/01,Murcia,Eibar,0,0,D,0,0,D,,,,1.8,2.8,3.7,1.91,3.0,3.75,2.0,2.85,3.5,1443.52,1439.36
SP2,26/08/01,Numancia,Salamanca,2,2,D,2,0,H,,,,1.7,2.9,4.0,1.73,3.2,4.33,1.7,3.1,4.5,1529.54,1460.25
SP2,26/08/01,Oviedo,Extremadura,1,1,D,0,0,D,,,,1.65,2.9,4.2,1.67,3.25,4.5,1.65,3.2,4.6,1534.33,1490.56
SP2,26/08/01,Xerez,Sp Gijon,1,0,H,0,0,D,,,,2.6,2.8,2.3,,,,2.55,2.85,2.55,1480.0,1511.5
SP2,01/09/01,Eibar,Ath Madrid,0,3,A,0,2,A,,,,3.0,2.8,2.1,3.25,2.9,2.1,,,,1443.0,1600.9
SP2,01/09/01,Ferrol,Murcia,2,0,H,1,0,H,,,,2.1,2.8,3.0,2.0,3.0,3.4,2.1,2.75,3.4,1477.58,1439.88
SP2,02/09/01,Burgos,Gimnastic,1,0,H,1,0,H,,,,1.8,2.9,3.6,1.91,3.1,3.6,1.8,2.9,4.2,1496.0,1478.74
SP2,02/09/01,Extremadura,Xerez,0,1,A,0,1,A,,,,1.6,3.0,4.4,1.62,3.25,5.0,1.75,2.95,4.5,1495.46,1490.07
SP2,02/09/01,Jaen,Poli Ejido,3,1,H,1,0,H,,,,1.6,3.0,4.4,,,,1.7,3.1,4.4,1494.92,1464.0
SP2,02/09/01,Leganes,Elche,0,0,D,0,0,D,,,,1.9,2.8,3.3,1.91,3.0,3.75,2.1,2.75,3.4,1444.64,1438.94
SP2,02/09/01,Levante,Cordoba,3,1,H,2,1,H,,,,1.9,2.8,3.3,1.91,3.0,3.75,2.0,2.85,3.5,1501.68,1463.74
SP2,02/09/01,Santander,Oviedo,1,1,D,1,0,H,,,,1.85,2.9,3.4,1.91,3.1,3.6,1.9,2.9,3.75,1546.08,1529.43
SP2,02/09/01,Recreativo,Numancia,1,0,H,0,0,D,,,,2.3,2.7,2.7,2.25,2.8,3.1,2.35,2.7,2.95,1492.59,1523.89
SP2,02/09/01,Salamanca,Albacete,2,0,H,2,0,H,,,,2.0,2.8,3.1,2.0,2.9,3.5,2.0,2.85,3.5,1465.9,1529.1
SP2,02/09/01,Sp Gijon,Badajoz,3,0,H,0,0,D,,,,1.75,2.9,3.8,1.73,3.2,4.33,1.8,2.9,4.2,1501.43,1457.48
SP2,08/09/01,Albacete,Recreativo,0,0,D,0,0,D,,,,1.8,2.9,3.7,1.91,3.2,3.5,1.9,2.9,3.75,1517.92,1502.65
SP2,08/09/01,Ath Madrid,Ferrol,1,1,D,0,1,A,,,,1.4,3.4,5.8,1.4,3.75,7.0,1.35,3.75,7.5,1611.34,1485.37
SP2,08/09/01,Elche,Levante,2,2,D,1,1,D,,,,2.2,2.8,2.8,2.25,3.0,2.88,2.25,2.8,3.0,1442.63,1509.46
SP2,08/09/01,Gimnastic,Jaen,0,2,A,0,0,D,,,,2.1,2.8,3.0,,,,2.4,2.8,2.75,1470.31,1502.92
SP2,08/09/01,Xerez,Badajoz,2,0,H,0,0,D,,,,,,,,,,,,,1506.25,1449.88
SP2,09/09/01,Cordoba,Salamanca,4,2,H,0,0,D,,,,2.3,2.8,2.6,2.25,2.88,3.0,2.2,2.9,2.95,1455.96,1477.08
SP2,09/09/01,Poli Ejido,Eibar,0,0,D,0,0,D,,,,2.3,2.8,2.6,2.2,3.0,3.0,2.25,3.0,2.8,1456.0,1432.56
SP2,09/09/01,Extremadura,Santander,2,0,H,1,0,H,,,,2.3,2.9,2.5,2.38,2.9,2.75,2.35,2.85,2.75,1479.28,1542.03
SP2,09/09/01,Murcia,Leganes,0,0,D,0,0,D,,,,2.0,2.7,3.3,1.91,3.0,3.75,2.0,2.8,3.6,1432.09,1440.95
SP2,09/09/01,Numancia,Sp Gijon,3,1,H,1,0,H,,,,1.8,2.9,3.7,1.83,3.0,4.0,1.8,3.0,4.0,1513.83,1509.03
SP2,09/09/01,Oviedo,Burgos,2,0,H,1,0,H,,,,1.65,2.9,4.2,1.53,3.5,5.5,1.6,3.3,4.75,1533.48,1504.43
SP2,15/09/01,Ferrol,Poli Ejido,2,1,H,0,1,A,,,,,,,,,,,,,1492.52,1451.74
SP2,15/09/01,Recreativo,Cordoba,2,1,H,0,0,D,,,,1.8,2.8,3.8,1.8,3.1,4.0,1.8,2.9,4.2,1506.65,1465.67
SP2,15/09/01,Salamanca,Elche,1,0,H,0,0,D,,,,1.75,2.8,4.0,1.67,3.25,4.5,1.75,3.0,4.3,1467.37,1441.44
SP2,16/09/01,Badajoz,Numancia,0,0,D,0,0,D,,,,2.3,2.7,2.7,2.38,2.88,2.8,2.5,2.8,2.6,1442.65,1522.67
SP2,16/09/01,Burgos,Extremadura,1,0,H,0,0,D,,,,2.2,2.8,2.8,2.1,3.0,3.2,2.1,2.85,3.2,1496.37,1490.44
SP2,16/09/01,Eibar,Gimnastic,3,1,H,2,1,H,,,,1.8,2.8,3.8,1.8,3.1,4.0,,,,1436.82,1455.42
SP2,16/09/01,Jaen,Oviedo,1,3,A,1,1,D,,,,2.3,2.8,2.6,2.38,2.88,2.8,2.4,2.8,2.75,1517.81,1541.54
SP2,16/09/01,Leganes,Ath Madrid,0,3,A,0,2,A,,,,3.0,2.8,2.1,3.3,2.9,2.1,3.2,2.85,2.1,1444.16,1604.19
SP2,16/09/01,Levante,Murcia,0,0,D,0,0,D,,,,1.8,2.8,3.8,1.73,3.2,4.33,1.85,2.85,4.0,1510.65,1428.88
SP2,16/09/01,Santander,Xerez,1,0,H,1,0,H,,,,1.8,2.9,3.6,1.83,3.0,4.0,1.8,2.9,4.2,1530.87,1513.48
SP2,16/09/01,Sp Gijon,Albacete,0,0,D,0,0,D,,,,2.1,2.8,3.0,1.91,3.1,3.6,2.1,2.7,3.4,1500.19,1513.92
SP2,22/09/01,Ath Madrid,Levante,2,1,H,1,1,D,,,,1.45,3.2,5.5,,,,1.45,3.35,6.5,1614.55,1504.65
SP2,22/09/01,Extremadura,Jaen,5,0,H,2,0,H,,,,2.0,2.8,3.1,,,,2.0,2.85,3.45,1481.64,1502.61
SP2,23/09/01,Albacete,Badajoz,2,0,H,1,0,H,,,,1.8,2.7,3.9,,,,1.75,3.0,4.2,1516.96,1441.93
SP2,23/09/01,Cordoba,Sp Gijon,1,2,A,1,2,A,,,,2.2,2.7,2.9,,,,2.15,2.85,3.05,1457.98,1497.15
SP2,23/09/01,Poli Ejido,Leganes,1,1,D,0,0,D,,,,2.3,2.7,2.7,,,,2.25,2.75,3.0,1444.04,1433.8
SP2,23/09/01,Elche,Recreativo,1,1,D,1,0,H,,,,2.5,2.7,2.5,,,,2.5,2.85,2.55,1433.28,1514.34
SP2,23/09/01,Murcia,Salamanca,3,3,D,2,2,D,,,,2.5,2.7,2.5,,,,2.45,2.75,2.7,1434.88,1475.53
SP2,23/09/01,Oviedo,Eibar,1,0,H,0,0,D,,,,1.55,3.0,5.0,,,,1.55,3.15,5.5,1556.74,1446.44
SP2,23/09/01,Santander,Burgos,0,2,A,0,0,D,,,,1.75,3.1,3.6,,,,1.75,3.05,4.1,1539.3,1505.17
SP2,23/09/01,Xerez,Numancia,2,1,H,0,1,A,,,,2.2,2.8,2.8,,,,2.2,2.8,3.0,1505.05,1523.39
SP2,29/09/01,Badajoz,Cordoba,0,1,A,0,1,A,,,,2.1,2.7,3.1,2.0,2.88,3.6,2.2,2.7,3.2,1435.24,1443.31
SP2,29/09/01,Eibar,Extremadura,0,0,D,0,0,D,,,,2.2,2.8,2.8,2.25,3.0,2.88,2.2,2.9,3.0,1440.7,1491.34
SP2,29/09/01,Jaen,Santander,0,0,D,0,0,D,,,,2.3,2.8,2.6,2.38,2.88,2.8,2.25,2.85,2.9,1492.91,1522.2
SP2,29/09/01,Leganes,Gimnastic,2,1,H,2,0,H,,,,,,,1.83,3.0,4.0,1.75,3.0,4.3,1437.64,1445.8
SP2,29/09/01,Numancia,Albacete,1,0,H,1,0,H,,,,1.9,2.9,3.2,1.8,3.1,4.0,1.8,3.0,4.0,1513.78,1523.65
SP2,29/09/01,Recreativo,Murcia,0,1,A,0,1,A,,,,1.7,2.9,4.0,1.67,3.1,5.0,1.65,3.1,4.75,1515.02,1432.77
SP2,29/09/01,Salamanca,Ath Madrid,0,0,D,0,0,D,,,,2.5,2.8,2.4,2.62,2.88,2.5,2.6,2.85,2.5,1477.64,1620.3
SP2,29/09/01,Sp Gijon,Elche,0,1,A,0,0,D,,,,1.7,2.9,4.0,1.73,3.1,4.5,1.7,3.1,4.5,1511.82,1432.6
SP2,30/09/01,Burgos,Xerez,3,1,H,1,1,D,,,,2.1,2.8,3.0,1.91,3.0,3.75,2.1,2.8,3.3,1522.27,1514.66
SP2,30/09/01,Levante,Poli Ejido,0,0,D,0,0,D,,,,1.6,3.0,4.5,1.53,3.3,6.0,1.65,3.0,5.0,1498.9,1440.2
SP2,30/09/01,Ferrol,Oviedo,0,2,A,0,0,D,,,,2.45,2.7,2.55,2.5,2.88,2.62,2.5,2.75,2.7,1500.22,1562.48
SP2,02/10/01,Ath Madrid,Recreativo,1,1,D,0,1,A,,,,1.5,3.2,5.0,,,,,,,1618.77,1496.5
SP2,03/10/01,Burgos,Jaen,0,0,D,0,0,D,,,,1.75,3.0,3.7,,,,1.72,2.87,4.75,1531.02,1490.4
SP2,03/10/01,Cordoba,Numancia,1,0,H,1,0,H,,,,2.2,2.8,2.8,,,,2.37,2.8,2.8,1459.04,1523.11
SP2,03/10/01,Poli Ejido,Salamanca,2,5,A,1,1,D,,,,2.8,2.8,2.2,,,,2.6,2.9,2.45,1445.54,1479.17
SP2,03/10/01,Elche,Badajoz,1,0,H,0,0,D,,,,1.9,2.8,3.3,,,,2.0,3.0,3.25,1451.03,1419.51
SP2,03/10/01,Extremadura,Ferrol,1,2,A,1,0,H,,,,1.8,2.8,3.7,,,,1.8,3.0,4.0,1493.1,1486.37
SP2,03/10/01,Gimnastic,Levante,1,0,H,0,0,D,,,,2.5,2.7,2.5,,,,2.5,2.9,2.5,1436.53,1493.56
SP2,03/10/01,Murcia,Sp Gijon,3,1,H,1,0,H,,,,2.3,2.7,2.7,,,,2.25,2.87,2.87,1451.29,1493.39
SP2,03/10/01,Oviedo,Leganes,0,0,D,0,0,D,,,,1.5,3.2,5.0,,,,1.53,3.25,5.5,1576.33,1446.91
SP2,03/10/01,Santander,Eibar,1,1,D,1,0,H,,,,1.75,2.9,3.8,,,,1.72,2.87,4.75,1524.71,1438.94
SP2,03/10/01,Xerez,Albacete,1,2,A,0,1,A,,,,2.0,2.8,3.1,,,,1.8,3.0,4.0,1505.91,1514.32
SP2,06/10/01,Jaen,Xerez,0,2,A,0,1,A,,,,2.1,2.8,3.0,2.0,3.0,3.4,2.35,2.8,2.8,1495.2,1490.19
SP2,06/10/01,Levante,Oviedo,0,0,D,0,0,D,,,,2.45,2.8,2.45,2.4,2.88,2.75,2.5,2.8,2.65,1482.6,1569.1
SP2,07/10/01,Albacete,Cordoba,0,0,D,0,0,D,,,,1.75,2.9,3.8,1.73,3.2,4.33,1.85,2.95,3.85,1530.04,1470.25
SP2,07/10/01,Badajoz,Murcia,1,1,D,0,1,A,,,,2.1,2.8,3.0,2.1,2.88,3.3,2.2,2.75,3.15,1411.53,1461.73
SP2,07/10/01,Eibar,Burgos,1,0,H,0,0,D,,,,2.2,2.8,2.8,2.2,3.0,3.0,2.6,2.7,2.6,1445.05,1526.22
SP2,07/10/01,Leganes,Extremadura,2,0,H,1,0,H,,,,2.3,2.7,2.7,2.25,2.88,3.0,2.45,2.75,2.75,1454.14,1476.88
SP2,07/10/01,Numancia,Elche,1,1,D,0,0,D,,,,1.7,2.9,4.0,1.8,3.0,4.33,1.7,3.05,4.5,1511.9,1459.01
SP2,07/10/01,Ferrol,Santander,2,0,H,1,0,H,,,,2.2,2.7,2.7,2.25,2.88,3.0,2.3,2.7,3.0,1502.59,1518.6
SP2,07/10/01,Recreativo,Poli Ejido,1,0,H,1,0,H,,,,1.55,3.1,4.8,1.44,3.5,7.0,1.6,3.0,5.5,1503.56,1430.68
SP2,07/10/01,Salamanca,Gimnastic,3,3,D,1,3,A,,,,1.45,3.3,5.5,1.4,3.75,7.0,1.55,3.05,6.0,1494.03,1447.49
SP2,07/10/01,Sp Gijon,Ath Madrid,2,1,H,1,0,H,,,,2.6,2.7,2.4,2.62,2.88,2.5,2.75,2.85,2.35,1482.95,1611.71
SP2,13/10/01,Santander,Leganes,3,1,H,1,0,H,,,,,,,1.8,3.0,4.33,1.9,2.85,3.85,1509.06,1463.91
SP2,13/10/01,Xerez,Cordoba,1,0,H,0,0,D,,,,,,,1.8,3.1,4.0,2.0,2.9,3.4,1506.36,1475.63
SP2,14/10/01,Ath Madrid,Badajoz,1,0,H,0,0,D,,,,1.4,3.4,6.0,1.4,3.75,7.0,1.4,3.5,7.5,1598.18,1409.75
SP2,14/10/01,Burgos,Ferrol,2,4,A,1,2,A,,,,1.9,2.8,3.4,1.83,3.0,4.0,1.95,2.9,3.6,1514.4,1512.13
SP2,14/10/01,Poli Ejido,Sp Gijon,2,2,D,0,1,A,,,,2.6,2.8,2.3,2.75,2.88,2.4,2.6,2.7,2.6,1423.93,1496.48
SP2,14/10/01,Elche,Albacete,1,0,H,1,0,H,,,,2.3,2.8,2.6,2.4,2.88,2.75,2.4,2.75,2.8,1464.18,1524.66
SP2,14/10/01,Extremadura,Levante,1,0,H,1,0,H,,,,1.9,2.8,3.4,2.0,3.0,3.4,1.95,2.9,3.6,1467.11,1482.11
SP2,14/10/01,Gimnastic,Recreativo,1,2,A,0,2,A,,,,2.6,2.7,2.4,,,,,,,1452.47,1510.31
SP2,14/10/01,Jaen,Eibar,0,0,D,0,0,D,,,,2.0,2.8,3.1,2.0,3.0,3.4,2.0,2.9,3.4,1479.03,1456.87
SP2,14/10/01,Murcia,Numancia,1,2,A,1,2,A,,,,2.2,2.8,2.8,2.3,2.88,2.9,2.3,2.7,3.0,1463.51,1506.73
SP2,14/10/01,Oviedo,Salamanca,0,0,D,0,0,D,,,,1.8,2.9,3.6,1.8,3.1,4.0,1.85,2.9,4.0,1569.59,1489.05
SP2,20/10/01,Cordoba,Elche,3,0,H,1,0,H,2.15,2.9,3.1,2.1,2.8,3.0,,,,2.1,2.9,3.2,1467.62,1475.26
SP2,20/10/01,Leganes,Burgos,0,0,D,0,0,D,2.4,2.85,2.75,2.3,2.7,2.7,,,,2.4,2.85,2.7,1456.35,1498.32
SP2,20/10/01,Ferrol,Jaen,0,1,A,0,0,D,1.75,3.1,4.2,1.7,2.9,4.0,,,,1.7,3.1,4.5,1528.21,1474.81
SP2,21/10/01,Albacete,Murcia,1,0,H,0,0,D,1.9,3.0,3.7,1.9,2.8,3.4,,,,1.85,3.0,3.8,1513.58,1448.99
SP2,21/10/01,Badajoz,Poli Ejido,0,1,A,0,0,D,2.05,2.9,3.35,2.0,2.7,3.3,,,,2.1,2.8,3.3,1405.76,1422.94
SP2,21/10/01,Eibar,Xerez,2,0,H,2,0,H,2.45,2.9,2.65,2.4,2.7,2.7,,,,2.5,2.65,2.75,1461.09,1514.37
SP2,21/10/01,Levante,Santander,1,1,D,1,1,D,2.45,2.75,2.8,2.4,2.7,2.6,,,,2.5,2.7,2.75,1472.61,1516.62
SP2,21/10/01,Numancia,Ath Madrid,1,2,A,0,1,A,2.55,2.8,2.6,2.5,2.7,2.5,,,,2.6,2.7,2.65,1521.25,1602.17
SP2,21/10/01,Recreativo,Oviedo,0,2,A,0,0,D,2.4,2.75,2.85,2.4,2.7,2.7,,,,2.35,2.75,2.9,1524.32,1563.62
SP2,21/10/01,Salamanca,Extremadura,0,0,D,0,0,D,1.8,2.9,4.3,1.8,2.8,3.7,,,,1.85,2.9,4.0,1495.02,1476.61
SP2,21/10/01,Sp Gijon,Gimnastic,1,1,D,1,0,H,1.75,2.9,4.55,1.7,2.9,4.0,,,,1.7,3.1,4.5,1497.47,1438.46
SP2,27/10/01,Ath Madrid,Albacete,3,2,H,1,1,D,1.55,3.25,5.5,1.55,3.1,4.8,1.57,3.25,5.5,1.6,3.25,5.0,1615.36,1520.56
SP2,27/10/01,Eibar,Ferrol,2,0,H,0,0,D,2.3,2.75,2.95,2.2,2.8,2.8,2.2,3.0,3.0,2.2,2.85,3.0,1471.92,1510.52
SP2,27/10/01,Poli Ejido,Numancia,3,4,A,1,2,A,2.77,2.75,2.42,2.7,2.7,2.3,2.75,2.88,2.4,2.9,2.75,2.35,1438.36,1508.06
SP2,27/10/01,Xerez,Elche,2,0,H,1,0,H,1.8,2.9,4.25,1.9,2.9,3.2,1.8,3.1,4.0,1.9,3.0,3.6,1503.54,1466.01
SP2,28/10/01,Burgos,Levante,0,1,A,0,1,A,1.65,3.0,5.0,1.65,2.9,4.4,1.73,3.1,4.5,1.65,3.25,4.5,1500.39,1470.61
SP2,28/10/01,Extremadura,Recreativo,0,3,A,0,3,A,2.1,2.9,3.15,2.1,2.8,3.0,,,,2.15,2.85,3.1,1480.71,1509.66
SP2,28/10/01,Gimnastic,Badajoz,1,1,D,0,0,D,1.9,2.8,3.9,2.0,2.8,3.1,1.91,3.0,3.75,2.0,3.0,3.3,1443.81,1390.34
SP2,28/10/01,Jaen,Leganes,1,0,H,1,0,H,2.05,2.85,3.3,2.1,2.8,3.0,2.0,2.88,3.6,2.1,2.9,3.2,1492.5,1454.28
SP2,28/10/01,Murcia,Cordoba,1,0,H,0,0,D,1.95,2.9,3.55,2.0,2.8,3.1,2.0,2.88,3.6,2.1,2.9,3.2,1442.01,1476.87
SP2,28/10/01,Oviedo,Sp Gijon,0,2,A,0,1,A,1.65,3.2,4.5,1.7,2.9,4.0,1.67,3.25,4.5,1.75,3.2,4.0,1578.28,1492.12
SP2,28/10/01,Santander,Salamanca,2,0,H,1,0,H,2.1,2.8,3.3,2.0,2.8,3.1,2.1,2.88,3.3,2.1,2.9,3.2,1518.62,1490.92
SP2,03/11/01,Albacete,Poli Ejido,2,1,H,2,0,H,1.65,3.0,5.4,1.5,3.0,5.3,1.5,3.4,6.0,1.6,2.85,6.0,1514.42,1424.77
SP2,03/11/01,Cordoba,Ath Madrid,0,2,A,0,1,A,2.95,2.7,2.35,2.6,2.8,2.3,3.0,2.88,2.25,2.65,2.75,2.5,1466.69,1621.5
SP2,03/11/01,Leganes,Eibar,1,0,H,0,0,D,2.25,2.8,3.05,2.2,2.7,2.9,2.2,2.8,3.2,,,,1446.51,1482.23
SP2,03/11/01,Numancia,Gimnastic,0,0,D,0,0,D,,,,,,,,,,,,,1521.65,1438.62
SP2,03/11/01,Recreativo,Santander,1,1,D,0,0,D,2.1,2.8,3.4,1.9,2.8,3.4,,,,,,,1524.68,1526.72
SP2,03/11/01,Sp Gijon,Extremadura,1,1,D,1,1,D,2.05,2.85,3.4,1.9,2.8,3.4,,,,1.85,2.85,4.0,1510.74,1465.69
SP2,04/11/01,Badajoz,Oviedo,1,0,H,0,0,D,3.4,2.7,2.15,3.1,2.7,2.1,3.25,2.9,2.1,3.1,2.65,2.3,1395.53,1559.66
SP2,04/11/01,Elche,Murcia,1,1,D,1,0,H,2.15,2.8,3.3,2.1,2.7,3.1,2.0,2.88,3.6,2.15,2.75,3.25,1458.21,1452.19
SP2,04/11/01,Levante,Jaen,0,1,A,0,0,D,2.3,2.75,3.0,2.1,2.7,3.1,2.1,2.9,3.25,2.2,2.75,3.1,1487.57,1500.27
SP2,04/11/01,Ferrol,Xerez,2,2,D,0,2,A,2.2,2.8,3.1,2.1,2.8,3.0,2.1,3.0,3.2,2.2,2.75,3.1,1500.21,1511.34
SP2,04/11/01,Salamanca,Burgos,0,1,A,0,0,D,2.05,2.8,3.5,2.0,2.8,3.1,1.91,3.1,3.6,1.9,2.85,3.8,1482.82,1483.43
SP2,06/11/01,Poli Ejido,Cordoba,1,1,D,1,1,D,,,,,,,,,,,,,1418.49,1456.15
SP2,07/11/01,Ath Madrid,Elche,4,0,H,2,0,H,1.4,3.75,6.5,1.35,3.5,7.0,1.36,3.75,8.0,1.45,3.5,6.25,1632.04,1454.51
SP2,07/11/01,Burgos,Recreativo,1,3,A,0,1,A,2.1,2.85,3.25,2.2,2.8,2.8,2.1,2.88,3.3,2.2,2.8,3.1,1499.41,1521.25
SP2,07/11/01,Eibar,Levante,7,0,H,4,0,H,1.71,2.95,4.7,1.65,2.9,4.4,1.73,3.1,4.5,1.8,3.0,4.0,1472.02,1471.99
SP2,07/11/01,Extremadura,Badajoz,0,4,A,0,1,A,1.65,3.05,5.0,1.65,2.9,4.4,1.67,3.1,5.0,1.7,3.1,4.5,1470.63,1410.31
SP2,07/11/01,Gimnastic,Albacete,0,1,A,0,1,A,2.57,2.85,2.52,2.45,2.8,2.45,2.62,2.88,2.5,2.7,2.85,2.4,1444.66,1520.7
SP2,07/11/01,Jaen,Salamanca,0,1,A,0,1,A,2.15,2.85,3.15,2.1,2.7,3.1,2.2,2.8,3.2,2.1,2.8,3.25,1515.85,1466.84
SP2,07/11/01,Oviedo,Numancia,0,0,D,0,0,D,1.85,2.8,4.2,1.9,2.8,3.4,1.8,3.0,4.33,1.9,2.8,4.0,1544.88,1515.61
SP2,07/11/01,Santander,Sp Gijon,2,1,H,1,0,H,1.97,3.0,3.4,2.1,2.8,3.0,2.0,2.9,3.5,2.05,2.75,3.5,1530.15,1505.8
SP2,07/11/01,Xerez,Murcia,3,1,H,0,0,D,1.65,3.0,5.0,1.6,3.0,4.6,1.73,3.1,4.5,1.75,3.1,4.2,1514.47,1455.89
SP2,08/11/01,Ferrol,Leganes,3,0,H,1,0,H,1.75,2.9,4.5,1.85,2.8,3.5,1.8,3.0,4.33,1.85,2.9,4.0,1497.08,1456.72
SP2,10/11/01,Sp Gijon,Burgos,0,1,A,0,0,D,1.9,2.95,3.7,1.9,2.9,3.2,1.91,3.0,3.75,2.0,2.9,3.4,1497.59,1484.14
SP2,11/11/01,Albacete,Oviedo,1,1,D,0,0,D,2.2,2.8,3.1,2.2,2.8,2.8,2.25,2.8,3.1,2.25,2.8,3.0,1534.06,1540.43
SP2,11/11/01,Badajoz,Santander,3,2,H,2,0,H,2.48,2.7,2.75,2.4,2.6,2.7,2.5,2.88,2.62,2.4,2.8,2.75,1428.2,1538.36
SP2,11/11/01,Cordoba,Gimnastic,1,1,D,0,0,D,1.68,3.0,4.8,1.65,2.9,4.4,1.73,3.1,4.5,1.65,3.0,5.0,1458.37,1431.3
SP2,11/11/01,Elche,Poli Ejido,2,0,H,1,0,H,1.7,3.0,4.65,1.7,2.9,4.0,1.8,3.1,4.0,1.65,3.0,5.0,1450.3,1416.27
SP2,11/11/01,Leganes,Xerez,0,1,A,0,1,A,2.45,2.75,2.75,2.3,2.8,2.6,2.38,2.88,2.8,2.55,2.8,2.55,1449.01,1521.63
SP2,11/11/01,Levante,Ferrol,3,1,H,2,1,H,2.5,2.7,2.75,2.5,2.6,2.6,2.6,2.8,2.6,2.4,2.8,2.75,1462.99,1504.79
SP2,11/11/01,Murcia,Ath Madrid,3,1,H,2,1,H,3.25,2.9,2.08,3.1,2.8,2.0,3.5,2.9,2.0,3.4,2.9,2.0,1448.73,1636.25
SP2,11/11/01,Numancia,Extremadura,0,0,D,0,0,D,1.82,2.95,4.05,1.8,2.8,3.7,1.8,3.1,4.0,1.8,3.0,4.0,1520.06,1452.74
SP2,11/11/01,Recreativo,Jaen,0,3,A,0,1,A,1.85,2.9,4.0,1.8,2.9,3.6,1.73,3.1,4.5,1.8,3.0,4.0,1536.52,1498.3
SP2,11/11/01,Salamanca,Eibar,1,0,H,1,0,H,1.98,2.85,3.6,1.9,2.8,3.4,2.0,2.9,3.5,2.0,2.85,3.5,1484.39,1481.02
SP2,14/11/01,Gimnastic,Ferrol,2,0,H,2,0,H,2.55,2.8,2.6,2.5,2.6,2.6,,,,2.7,2.7,2.55,1435.68,1494.36
SP2,17/11/01,Jaen,Sp Gijon,3,3,D,2,0,H,2.05,2.8,3.45,2.0,2.8,3.1,2.0,2.88,3.6,2.0,2.8,3.6,1515.53,1481.15
SP2,17/11/01,Santander,Numancia,4,0,H,2,0,H,2.1,2.8,3.4,2.1,2.8,3.0,2.0,2.88,3.6,2.1,2.8,3.3,1525.49,1514.47
SP2,18/11/01,Burgos,Badajoz,0,1,A,0,0,D,1.75,2.9,4.55,1.7,2.8,4.2,1.67,3.1,5.0,1.7,3.0,4.6,1500.58,1441.07
SP2,18/11/01,Eibar,Recreativo,1,1,D,0,1,A,2.3,2.75,3.0,2.2,2.7,2.9,2.2,2.8,3.2,,,,1472.13,1519.29
SP2,18/11/01,Poli Ejido,Murcia,0,0,D,0,0,D,2.6,2.7,2.65,2.5,2.6,2.6,2.6,2.7,2.7,2.6,2.6,2.7,1408.37,1464.31
SP2,18/11/01,Extremadura,Albacete,0,0,D,0,0,D,2.5,2.8,2.7,2.4,2.7,2.6,2.38,2.8,2.88,2.4,2.7,2.85,1458.33,1530.77
SP2,18/11/01,Gimnastic,Elche,1,2,A,1,1,D,2.5,2.7,2.8,2.4,2.7,2.6,2.3,2.8,3.0,2.35,2.7,2.9,1446.7,1458.2
SP2,18/11/01,Leganes,Levante,2,1,H,1,1,D,2.0,2.8,3.7,2.0,2.8,3.1,1.91,2.88,4.0,2.1,2.7,3.5,1435.53,1473.42
SP2,18/11/01,Oviedo,Cordoba,3,1,H,1,1,D,1.7,2.9,5.0,1.65,2.8,4.6,1.67,3.1,5.0,1.65,3.0,5.0,1543.72,1453.99
SP2,18/11/01,Ferrol,Salamanca,3,1,H,2,1,H,2.2,2.75,3.2,2.1,2.8,3.0,2.2,2.8,3.2,2.15,2.75,3.25,1483.34,1493.28
SP2,18/11/01,Xerez,Ath Madrid,0,1,A,0,1,A,2.6,2.7,2.65,2.5,2.7,2.5,2.75,2.75,2.5,2.5,2.65,2.75,1535.11,1620.67
SP2,24/11/01,Ath Madrid,Poli Ejido,1,0,H,1,0,H,1.25,4.45,8.95,1.3,3.8,7.5,,,,1.35,4.0,7.0,1633.69,1406.79
SP2,24/11/01,Cordoba,Extremadura,2,0,H,1,0,H,2.02,2.85,3.45,2.1,2.8,3.0,,,,2.1,2.9,3.2,1447.71,1457.34
SP2,24/11/01,Elche,Oviedo,2,0,H,0,0,D,2.58,2.75,2.6,2.5,2.6,2.6,,,,2.6,2.65,2.65,1473.82,1550.0
SP2,24/11/01,Recreativo,Ferrol,1,0,H,1,0,H,2.1,2.8,3.3,2.1,2.8,3.0,,,,2.1,2.8,3.3,1521.18,1492.67
SP2,25/11/01,Albacete,Santander,0,1,A,0,0,D,1.9,2.85,3.85,2.0,2.8,3.1,,,,2.0,2.8,3.6,1531.76,1534.13
SP2,25/11/01,Badajoz,Jaen,1,0,H,1,0,H,2.22,2.85,3.0,2.2,2.8,2.8,,,,2.2,2.85,3.0,1458.94,1510.92
SP2,25/11/01,Levante,Xerez,0,1,A,0,0,D,2.7,2.8,2.45,2.7,2.6,2.4,,,,2.75,2.7,2.5,1463.13,1522.09
SP2,25/11/01,Murcia,Gimnastic,0,2,A,0,1,A,1.7,3.0,4.65,1.75,2.9,3.8,,,,1.8,3.0,4.1,1465.89,1431.08
SP2,25/11/01,Numancia,Burgos,1,5,A,1,3,A,2.25,2.8,3.0,2.2,2.8,2.8,,,,2.25,2.85,2.9,1505.83,1482.71
SP2,25/11/01,Salamanca,Leganes,1,0,H,1,0,H,1.8,2.85,4.35,1.8,2.8,3.7,,,,1.85,2.9,4.0,1483.95,1445.82
SP2,25/11/01,Sp Gijon,Eibar,1,0,H,1,0,H,2.1,2.8,3.3,2.1,2.8,3.0,,,,2.1,2.8,3.3,1485.76,1470.24
SP2,01/12/01,Jaen,Numancia,1,2,A,0,2,A,2.1,2.8,3.3,2.0,2.7,3.3,1.91,3.0,3.75,2.0,2.85,3.5,1500.14,1489.08
SP2,01/12/01,Xerez,Poli Ejido,2,1,H,1,0,H,1.4,3.5,7.5,1.4,3.3,6.2,1.44,3.4,7.0,1.4,3.4,8.0,1536.06,1403.49
SP2,02/12/01,Burgos,Albacete,0,0,D,0,0,D,2.1,2.8,3.3,2.0,2.8,3.1,2.0,2.88,3.6,2.0,2.85,3.5,1499.46,1515.84
SP2,02/12/01,Eibar,Badajoz,0,1,A,0,1,A,1.95,2.8,3.8,2.0,2.7,3.3,2.0,2.8,3.75,2.1,2.75,3.4,1461.75,1469.72
SP2,02/12/01,Extremadura,Elche,1,0,H,1,0,H,2.3,2.6,3.2,2.3,2.7,2.7,2.2,2.88,3.1,2.3,2.7,3.0,1448.02,1485.46
SP2,02/12/01,Gimnastic,Ath Madrid,1,2,A,0,0,D,3.9,3.0,1.85,3.5,2.8,1.85,4.0,3.0,1.83,3.6,3.0,1.9,1448.2,1636.99
SP2,02/12/01,Leganes,Recreativo,0,0,D,0,0,D,2.55,2.6,2.8,2.4,2.6,2.7,2.5,2.8,2.7,2.5,2.75,2.7,1438.04,1529.26
SP2,02/12/01,Levante,Salamanca,2,2,D,0,0,D,2.65,2.6,2.75,2.4,2.7,2.6,2.6,2.8,2.6,2.4,2.8,2.75,1449.16,1491.73
SP2,02/12/01,Oviedo,Murcia,2,0,H,1,0,H,1.7,2.9,5.0,1.7,2.9,4.0,1.73,3.1,4.5,1.7,2.9,5.0,1538.36,1448.77
SP2,02/12/01,Ferrol,Sp Gijon,1,2,A,1,2,A,1.9,2.8,4.0,1.9,2.8,3.4,1.91,3.0,3.75,1.9,2.9,3.75,1484.59,1494.25
SP2,02/12/01,Santander,Cordoba,2,0,H,1,0,H,1.7,2.9,5.0,1.65,2.9,4.4,1.73,3.1,4.5,1.65,3.1,4.8,1550.05,1457.03
SP2,08/12/01,Cordoba,Burgos,1,1,D,0,0,D,2.5,2.7,2.8,2.4,2.7,2.6,2.5,2.75,2.75,2.5,2.7,2.75,1450.84,1496.51
SP2,08/12/01,Elche,Santander,1,1,D,0,0,D,2.2,2.8,3.15,2.3,2.7,2.7,2.3,2.88,2.88,2.4,2.75,2.8,1475.19,1556.24
SP2,09/12/01,Albacete,Jaen,4,0,H,0,0,D,2.05,2.8,3.55,2.1,2.8,3.0,2.0,3.0,3.4,2.1,2.9,3.2,1518.79,1483.78
SP2,09/12/01,Ath Madrid,Oviedo,0,0,D,0,0,D,1.62,3.2,5.1,1.65,2.9,4.4,1.67,3.1,5.0,1.7,3.1,4.5,1646.36,1544.64
SP2,09/12/01,Badajoz,Ferrol,2,1,H,1,0,H,2.0,2.8,3.7,2.0,2.8,3.1,2.0,2.8,3.75,2.0,2.85,3.5,1485.46,1468.91
SP2,09/12/01,Poli Ejido,Gimnastic,1,0,H,0,0,D,2.5,2.7,2.8,2.4,2.7,2.6,2.5,2.75,2.75,2.5,2.7,2.75,1398.3,1438.83
SP2,09/12/01,Murcia,Extremadura,2,1,H,2,0,H,1.98,2.8,3.75,2.0,2.7,3.3,1.91,2.88,4.0,2.0,2.85,3.5,1442.49,1458.29
SP2,09/12/01,Numancia,Eibar,1,1,D,0,0,D,2.0,2.8,3.7,1.9,2.7,3.5,1.91,2.88,4.0,1.85,3.0,3.8,1505.44,1446.01
SP2,09/12/01,Recreativo,Levante,0,0,D,0,0,D,1.55,3.25,5.75,1.55,3.0,5.0,1.5,3.4,6.0,1.5,3.3,6.0,1529.58,1447.11
SP2,09/12/01,Salamanca,Xerez,1,1,D,1,1,D,2.4,2.65,3.0,2.3,2.8,2.6,2.25,2.8,3.1,2.4,2.75,2.8,1493.78,1541.25
SP2,09/12/01,Sp Gijon,Leganes,1,1,D,1,1,D,1.8,3.0,4.25,1.8,2.8,3.7,1.8,3.0,4.33,1.75,3.0,4.3,1509.93,1437.72
SP2,15/12/01,Levante,Sp Gijon,4,3,H,0,2,A,2.45,2.8,2.75,2.4,2.7,2.6,2.4,2.8,2.8,2.6,2.7,2.6,1453.13,1504.2
SP2,15/12/01,Xerez,Gimnastic,2,1,H,2,0,H,1.5,3.3,6.3,1.45,3.2,5.7,1.44,3.5,7.0,1.4,3.4,7.5,1543.13,1428.45
SP2,16/12/01,Burgos,Elche,0,0,D,0,0,D,1.95,2.9,3.7,2.0,2.8,3.1,1.91,3.0,3.75,1.9,3.0,3.6,1498.45,1474.51
SP2,16/12/01,Eibar,Albacete,1,0,H,0,0,D,2.25,2.8,3.05,2.2,2.7,2.9,2.2,2.8,3.2,2.25,2.75,3.0,1451.37,1526.66
SP2,16/12/01,Extremadura,Ath Madrid,2,0,H,1,0,H,3.7,2.8,2.0,3.2,2.9,1.9,3.6,2.88,2.0,3.75,2.9,1.9,1448.76,1639.82
SP2,16/12/01,Jaen,Cordoba,1,2,A,1,0,H,2.0,2.8,3.7,2.0,2.7,3.3,2.1,2.88,3.3,2.0,2.8,3.5,1475.91,1448.9
SP2,16/12/01,Leganes,Badajoz,1,0,H,0,0,D,2.35,2.8,2.9,2.4,2.7,2.6,2.38,2.88,2.8,2.5,2.7,2.7,1443.45,1493.92
SP2,16/12/01,Oviedo,Poli Ejido,1,1,D,0,0,D,1.4,3.6,7.3,1.4,3.4,6.0,1.4,3.6,7.5,1.4,3.6,7.0,1551.18,1408.68
SP2,16/12/01,Ferrol,Numancia,2,1,H,1,1,D,,,,,,,1.91,3.1,3.6,,,,1460.45,1500.08
SP2,16/12/01,Santander,Murcia,1,0,H,1,0,H,1.65,3.1,5.0,1.65,2.9,4.4,1.67,3.1,5.0,1.6,3.2,5.0,1556.92,1452.02
SP2,16/12/01,Salamanca,Recreativo,2,3,A,1,1,D,2.2,2.8,3.15,2.2,2.7,2.9,2.1,2.8,3.4,2.1,2.8,3.25,1491.9,1523.56
SP2,22/12/01,Albacete,Ferrol,2,1,H,1,1,D,1.95,2.75,4.0,1.9,2.8,3.4,1.83,3.0,4.0,1.9,2.85,3.85,1515.05,1470.8
SP2,22/12/01,Ath Madrid,Santander,2,0,H,0,0,D,1.65,3.1,5.0,1.65,3.0,4.2,1.67,3.1,5.0,1.7,3.1,4.5,1624.12,1562.8
SP2,23/12/01,Badajoz,Levante,2,2,D,0,1,A,1.7,3.0,4.8,1.65,2.9,4.4,1.67,3.1,5.0,1.65,3.0,5.0,1483.19,1463.88
SP2,23/12/01,Cordoba,Eibar,0,2,A,0,1,A,2.05,2.75,3.6,2.0,2.7,3.3,2.1,2.8,3.4,2.0,2.8,3.6,1465.78,1462.98
SP2,22/12/01,Poli Ejido,Extremadura,0,0,D,0,0,D,2.55,2.65,2.8,2.4,2.7,2.6,2.5,2.75,2.75,2.35,2.75,2.85,1416.22,1464.46
SP2,22/12/01,Elche,Jaen,1,3,A,1,1,D,1.9,2.85,4.0,2.0,2.7,3.3,1.91,2.88,4.0,2.0,2.75,3.7,1478.79,1459.03
SP2,23/12/01,Gimnastic,Oviedo,1,0,H,0,0,D,3.05,2.8,2.25,2.9,2.7,2.2,3.0,2.88,2.25,3.1,2.85,2.15,1422.82,1543.64
SP2,22/12/01,Murcia,Burgos,1,2,A,0,2,A,2.4,2.7,2.95,2.4,2.7,2.6,2.3,2.8,3.0,2.4,2.7,2.85,1446.14,1494.17
SP2,22/12/01,Numancia,Leganes,1,0,H,0,0,D,2.0,2.8,3.7,2.0,2.7,3.3,2.0,2.8,3.75,1.95,2.8,3.75,1489.73,1454.18
SP2,23/12/01,Sp Gijon,Salamanca,1,1,D,1,1,D,2.2,2.75,3.25,2.2,2.7,2.9,2.2,2.88,3.1,2.2,2.8,3.1,1493.45,1476.97
SP2,23/12/01,Xerez,Recreativo,0,0,D,0,0,D,1.95,2.75,3.95,1.9,2.8,3.4,1.83,3.0,4.0,1.9,2.85,3.85,1548.76,1538.49
SP2,05/01/02,Oviedo,Xerez,1,0,H,0,0,D,1.85,3.1,3.75,2.2,2.8,2.8,2.1,2.88,3.3,2.25,2.75,3.05,1530.39,1544.92
SP2,05/01/02,Santander,Poli Ejido,2,1,H,1,1,D,1.35,3.8,8.0,1.35,3.5,7.0,1.4,3.6,7.5,1.35,3.8,7.5,1555.72,1414.37
SP2,06/01/02,Burgos,Ath Madrid,0,4,A,0,1,A,3.1,2.75,2.25,2.8,2.8,2.2,3.0,2.88,2.25,2.8,2.75,2.4,1508.53,1631.2
SP2,06/01/02,Eibar,Elche,3,1,H,0,0,D,1.95,2.8,3.9,2.0,2.8,3.1,1.91,3.0,3.75,2.0,2.8,3.6,1479.07,1462.14
SP2,06/01/02,Extremadura,Gimnastic,1,0,H,0,0,D,1.8,2.9,4.4,1.8,2.9,3.6,1.8,3.1,4.0,1.85,2.9,4.0,1466.31,1436.07
SP2,06/01/02,Jaen,Murcia,0,0,D,0,0,D,2.1,2.8,3.45,2.0,2.8,3.1,1.91,3.0,3.75,2.05,2.8,3.4,1475.68,1431.78
SP2,06/01/02,Leganes,Albacete,1,2,A,1,1,D,2.3,2.8,3.0,2.4,2.7,2.6,2.3,2.88,2.9,2.45,2.75,2.75,1446.32,1522.64
SP2,06/01/02,Levante,Numancia,0,1,A,0,0,D,2.4,2.75,2.9,2.3,2.7,2.7,2.25,2.8,3.1,2.45,2.7,2.8,1468.01,1497.59
SP2,06/01/02,Ferrol,Cordoba,1,3,A,0,0,D,1.85,2.8,4.3,1.8,2.9,3.6,1.8,3.1,4.0,1.85,2.85,4.1,1463.21,1449.69
SP2,06/01/02,Recreativo,Sp Gijon,0,0,D,0,0,D,1.9,2.8,4.1,1.8,2.9,3.6,,,,1.8,3.0,4.0,1542.33,1489.41
SP2,06/01/02,Salamanca,Badajoz,2,2,D,2,1,H,2.15,2.75,3.35,2.0,2.8,3.1,2.1,2.88,3.3,2.05,2.75,3.5,1481.01,1479.06
SP2,12/01/02,Ferrol,Elche,1,0,H,0,0,D,1.9,2.8,3.95,2.0,2.7,3.3,1.91,2.88,4.0,2.0,2.7,3.8,1446.77,1453.69
SP2,12/01/02,Recreativo,Badajoz,2,0,H,1,0,H,1.98,2.8,3.65,2.1,2.7,3.1,2.0,2.88,3.6,2.0,2.7,3.8,1537.16,1482.63
SP2,13/01/02,Burgos,Poli Ejido,2,0,H,1,0,H,1.4,3.75,6.5,1.45,3.3,5.5,1.44,3.6,6.5,1.5,3.4,5.75,1496.84,1409.38
SP2,13/01/02,Eibar,Murcia,0,1,A,0,1,A,1.7,3.0,4.65,1.7,2.9,4.0,1.73,3.1,4.5,1.65,3.0,5.0,1487.52,1436.68
SP2,13/01/02,Extremadura,Oviedo,1,1,D,1,0,H,2.52,2.7,2.7,2.4,2.7,2.6,2.38,2.88,2.8,2.4,2.75,2.85,1474.33,1539.88
SP2,13/01/02,Jaen,Ath Madrid,1,0,H,1,0,H,3.7,3.1,1.75,3.6,2.9,1.8,3.75,3.0,1.91,4.5,2.9,1.8,1470.78,1642.89
SP2,13/01/02,Leganes,Cordoba,1,1,D,0,1,A,1.98,2.85,3.6,2.1,2.8,3.0,2.1,2.9,3.25,2.1,2.9,3.2,1432.97,1466.13
SP2,13/01/02,Levante,Albacete,1,1,D,0,1,A,2.5,2.7,2.75,2.5,2.6,2.6,2.62,2.7,2.7,2.5,2.75,2.7,1453.01,1535.99
SP2,13/01/02,Santander,Gimnastic,3,0,H,1,0,H,1.38,3.55,7.7,1.4,3.4,6.0,1.44,3.6,6.5,1.4,3.6,7.0,1560.71,1428.05
SP2,13/01/02,Salamanca,Numancia,2,0,H,0,0,D,2.05,2.8,3.45,2.1,2.8,3.0,2.1,2.88,3.3,2.15,2.85,3.15,1477.44,1512.59
SP2,13/01/02,Sp Gijon,Xerez,0,1,A,0,0,D,2.62,2.65,2.65,2.5,2.6,2.6,2.3,2.8,3.0,2.6,2.7,2.65,1494.58,1535.43
SP2,19/01/02,Ath Madrid,Eibar,1,0,H,0,0,D,1.4,3.75,6.45,1.4,3.4,6.0,1.44,3.6,6.5,1.4,3.8,6.5,1627.83,1469.91
SP2,19/01/02,Gimnastic,Burgos,0,0,D,0,0,D,2.92,2.75,2.32,2.7,2.7,2.3,2.75,2.88,2.4,3.2,2.7,2.2,1422.86,1503.18
SP2,19/01/02,Xerez,Extremadura,1,2,A,0,1,A,1.62,3.1,5.1,1.6,3.0,4.6,1.57,3.25,5.5,1.6,3.0,5.5,1550.04,1473.09
SP2,20/01/02,Albacete,Salamanca,0,1,A,0,0,D,1.98,2.8,3.65,1.9,2.8,3.4,1.91,3.0,3.75,1.9,2.9,3.8,1536.6,1487.63
SP2,20/01/02,Badajoz,Sp Gijon,1,2,A,1,1,D,2.12,2.75,3.32,2.0,2.8,3.1,2.0,2.88,3.6,1.9,2.8,4.0,1475.35,1479.97
SP2,20/01/02,Cordoba,Levante,3,1,H,0,1,A,1.88,2.85,3.95,1.85,2.8,3.5,1.83,2.88,4.33,1.8,2.9,4.2,1468.51,1452.4
SP2,20/01/02,Poli Ejido,Jaen,1,0,H,1,0,H,2.82,2.8,2.35,2.7,2.7,2.3,2.7,2.8,2.5,2.3,2.7,3.0,1403.04,1485.84
SP2,20/01/02,Elche,Leganes,1,0,H,1,0,H,1.98,2.8,3.65,2.0,2.8,3.1,1.91,2.88,4.0,1.95,2.9,3.6,1444.46,1430.59
SP2,20/01/02,Murcia,Ferrol,1,2,A,1,0,H,2.2,2.8,3.1,2.2,2.7,2.9,2.2,2.8,3.2,2.15,2.8,3.2,1454.29,1456.0
SP2,20/01/02,Numancia,Recreativo,0,0,D,0,0,D,2.4,2.75,2.8,2.3,2.7,2.7,2.3,2.7,3.1,2.25,2.7,3.1,1502.4,1544.44
SP2,20/01/02,Oviedo,Santander,0,0,D,0,0,D,2.08,2.75,3.42,2.2,2.7,2.9,2.2,2.75,3.25,2.2,2.7,3.2,1541.12,1565.9
SP2,26/01/02,Levante,Elche,1,1,D,1,0,H,2.1,2.8,3.3,2.1,2.8,3.0,2.2,2.8,3.2,2.1,2.9,3.15,1443.93,1453.0
SP2,26/01/02,Ferrol,Ath Madrid,1,1,D,1,1,D,2.9,2.9,2.25,2.8,2.8,2.2,3.2,3.0,2.1,2.9,2.9,2.25,1471.94,1632.45
SP2,27/01/02,Badajoz,Xerez,1,0,H,0,0,D,2.37,2.8,2.8,2.4,2.7,2.6,2.375,2.8,2.875,2.4,2.8,2.8,1459.5,1531.67
SP2,27/01/02,Burgos,Oviedo,1,1,D,0,1,A,2.35,2.75,2.9,2.3,2.7,2.7,2.3,2.8,3.0,2.25,2.8,3.0,1503.89,1538.46
SP2,27/01/02,Eibar,Poli Ejido,4,2,H,1,0,H,1.47,3.45,6.1,1.45,3.3,5.5,1.444,3.5,7.0,1.5,3.3,6.0,1465.29,1414.92
SP2,27/01/02,Jaen,Gimnastic,0,1,A,0,1,A,1.75,2.85,4.7,1.7,2.9,4.0,1.727,3.1,4.5,1.75,3.0,4.4,1473.96,1422.15
SP2,27/01/02,Leganes,Murcia,0,0,D,0,0,D,2.1,2.8,3.3,2.1,2.8,3.0,2.0,2.875,3.6,2.05,2.85,3.4,1422.05,1438.35
SP2,27/01/02,Santander,Extremadura,1,1,D,1,0,H,1.6,3.0,5.65,1.6,3.0,4.6,1.667,3.1,5.0,1.55,3.1,6.0,1568.56,1491.46
SP2,27/01/02,Recreativo,Albacete,3,1,H,1,0,H,2.05,2.8,3.45,2.1,2.8,3.0,2.0,2.875,3.6,2.1,2.8,3.3,1546.51,1519.05
SP2,27/01/02,Salamanca,Cordoba,0,0,D,0,0,D,1.9,2.75,4.1,1.9,2.8,3.4,1.8,3.0,4.333,1.9,2.8,4.0,1505.18,1476.98
SP2,27/01/02,Sp Gijon,Numancia,2,1,H,2,0,H,2.2,2.7,3.25,2.2,2.8,2.8,2.2,2.75,3.25,2.2,2.7,3.25,1495.82,1500.33
SP2,02/02/02,Ath Madrid,Leganes,0,2,A,0,0,D,1.3,4.1,8.15,1.3,3.8,7.5,1.3,4.333,8.0,1.3,4.0,8.5,1630.29,1419.1
SP2,02/02/02,Cordoba,Recreativo,0,0,D,0,0,D,2.4,2.65,2.92,2.4,2.6,2.7,,,,2.4,2.6,3.0,1481.39,1554.62
SP2,02/02/02,Elche,Salamanca,4,1,H,3,1,H,2.32,2.75,2.92,2.3,2.7,2.7,2.3,2.75,3.0,2.3,2.7,3.0,1456.2,1500.77
SP2,02/02/02,Extremadura,Burgos,2,0,H,2,0,H,2.3,2.75,2.98,2.2,2.8,2.8,2.2,2.875,3.1,2.3,2.7,3.0,1497.33,1501.56
SP2,02/02/02,Murcia,Levante,0,1,A,0,0,D,1.85,2.85,4.1,1.75,2.8,4.0,1.833,2.875,4.333,1.9,2.7,4.2,1441.3,1440.73
SP2,02/02/02,Numancia,Badajoz,1,2,A,0,1,A,2.02,2.75,3.6,2.0,2.6,3.4,1.909,2.8,4.0,2.0,2.8,3.6,1491.18,1471.0
SP2,02/02/02,Oviedo,Jaen,0,0,D,0,0,D,1.75,2.9,4.55,1.7,2.8,4.3,1.727,2.875,5.0,1.8,2.8,4.5,1540.79,1456.32
SP2,03/02/02,Albacete,Sp Gijon,1,2,A,1,1,D,1.95,2.85,3.7,1.9,2.7,3.5,1.909,2.8,4.0,2.0,2.75,3.7,1510.94,1504.97
SP2,03/02/02,Poli Ejido,Ferrol,3,0,H,1,0,H,2.55,2.85,2.55,2.5,2.7,2.5,2.7,2.8,2.5,2.8,2.75,2.4,1407.52,1474.1
SP2,03/02/02,Gimnastic,Eibar,1,0,H,0,0,D,2.25,2.8,3.0,2.4,2.7,2.6,2.5,2.8,2.7,,,,1439.79,1472.69
SP2,03/02/02,Xerez,Santander,2,1,H,1,0,H,2.02,2.75,3.6,2.0,2.6,3.4,2.1,2.8,3.4,2.0,2.7,3.8,1520.17,1562.69
SP2,06/02/02,Badajoz,Albacete,2,3,A,2,0,H,1.98,2.85,3.58,2.0,2.8,3.1,,,,2.0,2.75,3.7,1487.66,1494.74
SP2,06/02/02,Burgos,Santander,0,0,D,0,0,D,2.28,2.8,2.95,2.3,2.7,2.7,,,,2.1,2.8,3.3,1492.42,1552.24
SP2,06/02/02,Eibar,Oviedo,1,1,D,0,1,A,2.18,2.85,3.05,2.2,2.8,2.8,,,,2.2,2.75,3.15,1462.57,1534.71
SP2,06/02/02,Jaen,Extremadura,1,0,H,1,0,H,2.22,2.8,3.05,2.2,2.8,2.8,,,,2.3,2.7,3.0,1462.4,1506.47
SP2,06/02/02,Leganes,Poli Ejido,2,0,H,0,0,D,1.7,3.1,4.5,1.7,2.9,4.0,,,,1.75,2.9,4.6,1440.53,1418.82
SP2,06/02/02,Numancia,Xerez,1,1,D,1,0,H,2.48,2.75,2.7,2.4,2.7,2.6,,,,2.65,2.65,2.65,1474.52,1530.62
SP2,06/02/02,Ferrol,Gimnastic,1,2,A,0,1,A,1.7,3.05,4.52,1.6,3.0,4.6,,,,1.75,2.9,4.6,1462.8,1449.91
SP2,06/02/02,Recreativo,Elche,1,0,H,0,0,D,1.68,3.0,4.8,1.65,2.9,4.4,,,,1.7,2.9,5.0,1555.58,1466.72
SP2,06/02/02,Salamanca,Murcia,0,0,D,0,0,D,1.7,3.1,4.45,1.65,2.9,4.4,,,,1.7,2.9,5.0,1490.25,1425.28
SP2,06/02/02,Sp Gijon,Cordoba,3,0,H,2,0,H,1.98,2.85,3.55,1.9,2.8,3.4,,,,2.0,2.9,3.5,1521.17,1480.43
SP2,07/02/02,Levante,Ath Madrid,2,4,A,1,1,D,3.7,2.9,1.92,3.4,2.9,1.85,,,,3.7,3.1,1.85,1456.75,1608.86
SP2,09/02/02,Oviedo,Ferrol,2,1,H,0,1,A,1.8,3.1,4.0,1.8,2.8,3.7,1.8,3.0,4.333,1.83,2.95,4.0,1535.71,1446.38
SP2,09/02/02,Santander,Jaen,2,0,H,0,0,D,1.6,3.2,5.15,1.6,3.0,4.6,1.667,3.1,5.0,1.61,3.0,5.5,1553.68,1472.9
SP2,10/02/02,Albacete,Numancia,3,1,H,1,0,H,1.85,2.9,4.1,1.9,2.8,3.4,1.833,3.0,4.0,2.0,2.85,3.5,1510.51,1472.95
SP2,10/02/02,Ath Madrid,Salamanca,2,1,H,1,0,H,1.55,3.2,5.8,1.55,3.1,4.8,1.571,3.0,6.0,1.5,3.05,7.0,1619.5,1484.72
SP2,10/02/02,Cordoba,Badajoz,1,2,A,1,1,D,2.05,2.8,3.5,2.0,2.7,3.3,2.1,2.875,3.3,1.95,2.85,3.7,1472.73,1471.89
SP2,10/02/02,Poli Ejido,Levante,1,0,H,1,0,H,2.15,2.8,3.25,2.2,2.8,2.8,2.2,2.75,3.25,2.2,2.8,3.1,1410.53,1446.11
SP2,10/02/02,Elche,Sp Gijon,1,0,H,0,0,D,2.2,2.8,3.15,2.2,2.7,2.9,2.25,2.8,3.1,2.2,2.8,3.1,1460.42,1528.87
SP2,10/02/02,Extremadura,Eibar,0,1,A,0,1,A,1.95,3.0,3.5,1.9,2.8,3.4,1.909,2.875,4.0,1.9,2.9,3.8,1495.97,1461.57
SP2,10/02/02,Gimnastic,Leganes,0,1,A,0,1,A,2.15,2.8,3.25,2.1,2.7,3.1,2.1,2.8,3.4,2.15,2.75,3.25,1466.33,1448.82
SP2,10/02/02,Murcia,Recreativo,2,0,H,0,0,D,2.65,2.8,2.5,2.6,2.7,2.4,2.75,2.75,2.5,2.7,2.7,2.55,1430.81,1561.88
SP2,10/02/02,Xerez,Burgos,1,0,H,1,0,H,1.9,3.0,3.7,2.0,2.8,3.1,1.909,3.0,3.75,1.95,2.9,3.6,1532.19,1490.98
SP2,16/02/02,Jaen,Burgos,0,0,D,0,0,D,2.4,2.8,2.75,2.4,2.6,2.7,2.4,2.8,2.8,2.4,2.75,2.8,1466.37,1483.3
SP2,16/02/02,Leganes,Oviedo,1,3,A,0,2,A,2.52,2.75,2.68,2.5,2.6,2.6,2.4,2.8,2.8,2.6,2.7,2.65,1465.39,1542.0
SP2,16/02/02,Levante,Gimnastic,2,2,D,1,0,H,2.12,2.85,3.22,2.1,2.7,3.1,2.2,2.8,3.2,2.2,2.7,3.2,1435.9,1449.76
SP2,16/02/02,Recreativo,Ath Madrid,1,3,A,0,2,A,2.55,2.75,2.62,2.6,2.6,2.5,2.6,2.8,2.6,2.55,2.7,2.7,1548.27,1624.64
SP2,17/02/02,Albacete,Xerez,3,0,H,2,0,H,2.35,2.8,2.82,2.4,2.6,2.7,2.25,2.8,3.1,2.4,2.7,2.9,1518.3,1539.87
SP2,17/02/02,Badajoz,Elche,1,3,A,1,0,H,1.9,2.95,3.7,2.0,2.7,3.3,1.833,3.0,4.0,2.0,2.8,3.6,1487.92,1471.79
SP2,17/02/02,Eibar,Santander,2,2,D,1,1,D,2.15,2.8,3.2,2.2,2.7,2.9,2.3,2.75,3.1,2.2,2.75,3.2,1478.68,1560.21
SP2,17/02/02,Numancia,Cordoba,0,2,A,0,1,A,2.1,2.85,3.25,2.0,2.7,3.3,2.0,2.8,3.75,2.0,2.8,3.6,1465.16,1456.7
SP2,17/02/02,Ferrol,Extremadura,2,0,H,0,0,D,2.1,2.8,3.3,2.1,2.7,3.1,2.1,2.8,3.4,2.1,2.8,3.3,1440.09,1478.86
SP2,17/02/02,Salamanca,Poli Ejido,0,2,A,0,1,A,1.5,3.35,5.85,1.45,3.2,5.7,1.444,3.4,7.0,1.5,3.4,5.75,1479.58,1420.74
SP2,17/02/02,Sp Gijon,Murcia,0,1,A,0,1,A,1.75,3.0,4.32,1.75,2.9,3.8,1.727,3.1,4.5,1.75,3.0,4.3,1517.5,1444.42
SP2,23/02/02,Burgos,Eibar,0,0,D,0,0,D,2.2,2.8,3.25,2.1,2.7,3.1,2.0,2.875,3.6,2.05,2.85,3.4,1486.23,1478.02
SP2,23/02/02,Poli Ejido,Recreativo,0,0,D,0,0,D,2.9,2.8,2.4,2.9,2.7,2.2,2.75,2.75,2.5,2.9,2.8,2.3,1438.59,1534.92
SP2,24/02/02,Ath Madrid,Sp Gijon,0,1,A,0,0,D,1.45,3.5,6.85,1.45,3.3,5.5,1.533,3.25,6.0,1.45,3.4,6.5,1637.99,1499.24
SP2,24/02/02,Cordoba,Albacete,3,1,H,1,0,H,2.4,2.7,3.0,2.3,2.7,2.7,2.3,2.7,3.1,2.3,2.7,3.0,1472.98,1528.03
SP2,24/02/02,Elche,Numancia,1,1,D,0,0,D,1.95,2.8,4.0,1.9,2.7,3.6,1.8,3.0,4.333,1.8,3.0,4.0,1488.32,1448.88
SP2,24/02/02,Extremadura,Leganes,2,1,H,1,0,H,2.0,2.9,3.5,2.0,2.8,3.1,2.0,2.875,3.6,2.1,2.85,3.2,1468.54,1452.05
SP2,24/02/02,Gimnastic,Salamanca,2,2,D,0,1,A,2.55,2.7,2.8,2.3,2.7,2.7,2.375,2.8,2.875,2.3,2.75,2.95,1452.8,1461.73
SP2,24/02/02,Murcia,Badajoz,1,1,D,1,0,H,2.35,2.8,2.95,2.2,2.7,2.9,2.25,2.8,3.1,2.2,2.8,3.1,1462.68,1471.39
SP2,24/02/02,Oviedo,Levante,1,1,D,0,1,A,1.5,3.4,6.2,1.5,3.2,5.0,1.444,3.4,7.0,1.45,3.5,6.25,1555.34,1432.86
SP2,24/02/02,Santander,Ferrol,0,1,A,0,0,D,1.6,3.2,5.5,1.6,2.9,4.7,1.615,3.1,5.5,1.65,3.25,4.5,1560.87,1450.41
SP2,24/02/02,Xerez,Jaen,1,0,H,0,0,D,1.6,3.2,5.5,1.6,2.9,4.7,1.571,3.1,6.0,1.55,3.0,6.5,1530.14,1463.44
SP2,02/03/02,Leganes,Santander,1,4,A,0,2,A,2.55,2.65,2.72,2.5,2.5,2.7,2.6,2.8,2.6,2.6,2.6,2.75,1443.59,1541.61
SP2,02/03/02,Recreativo,Gimnastic,1,0,H,0,0,D,1.58,3.15,5.4,1.6,3.0,4.6,,,,,,,1535.05,1449.6
SP2,03/03/02,Albacete,Elche,0,2,A,0,0,D,1.85,2.85,4.1,1.8,2.7,3.9,1.8,3.0,4.333,1.85,2.75,4.3,1517.14,1483.56
SP2,03/03/02,Badajoz,Ath Madrid,0,1,A,0,1,A,3.0,2.95,2.15,3.3,2.7,2.0,2.875,3.1,2.2,3.5,2.85,2.0,1474.6,1618.04
SP2,03/03/02,Cordoba,Xerez,0,0,D,0,0,D,2.55,2.7,2.68,2.55,2.6,2.55,2.5,2.875,2.625,2.7,2.75,2.5,1483.87,1537.06
SP2,03/03/02,Eibar,Jaen,1,1,D,1,0,H,1.8,2.9,4.3,1.8,2.8,3.7,1.8,3.0,4.0,1.75,3.0,4.3,1481.79,1456.52
SP2,03/03/02,Levante,Extremadura,1,0,H,1,0,H,2.45,2.7,2.8,2.5,2.6,2.6,2.375,2.7,3.0,2.5,2.65,2.8,1439.92,1477.0
SP2,03/03/02,Numancia,Murcia,1,0,H,1,0,H,2.25,2.7,3.1,2.2,2.7,2.9,2.1,2.8,3.4,2.2,2.7,3.2,1453.64,1459.47
SP2,03/03/02,Ferrol,Burgos,3,0,H,1,0,H,2.25,2.7,3.1,2.1,2.7,3.1,2.1,2.9,3.25,2.1,2.8,3.3,1469.67,1482.46
SP2,03/03/02,Salamanca,Oviedo,3,0,H,0,0,D,2.52,2.7,2.7,2.5,2.6,2.6,2.5,2.7,2.8,2.5,2.65,2.8,1464.93,1548.28
SP2,03/03/02,Sp Gijon,Poli Ejido,1,1,D,1,1,D,1.58,3.2,5.25,1.5,3.0,5.3,1.571,3.25,5.5,1.5,3.3,6.0,1519.19,1438.46
SP2,09/03/02,Ath Madrid,Numancia,2,2,D,1,0,H,1.35,3.75,8.0,1.4,3.2,6.5,1.364,3.75,8.0,1.4,3.5,7.5,1628.99,1462.83
SP2,10/03/02,Burgos,Leganes,0,0,D,0,0,D,1.85,3.0,3.85,1.9,2.7,3.6,1.8,3.0,4.333,2.0,2.7,3.75,1473.03,1431.02
SP2,10/03/02,Poli Ejido,Badajoz,1,0,H,0,0,D,2.4,2.7,2.9,2.4,2.6,2.7,2.4,2.75,2.875,2.4,2.75,2.8,1444.43,1463.65
SP2,10/03/02,Elche,Cordoba,2,3,A,1,0,H,1.85,3.0,3.85,2.0,2.7,3.3,1.909,2.875,4.0,2.0,2.7,3.75,1500.64,1482.2
SP2,10/03/02,Extremadura,Salamanca,0,1,A,0,0,D,2.15,2.75,3.3,2.1,2.7,3.1,2.0,2.8,3.75,2.1,2.8,3.3,1466.74,1476.83
SP2,10/03/02,Gimnastic,Sp Gijon,1,1,D,1,1,D,2.6,2.6,2.75,2.5,2.6,2.6,2.6,2.8,2.6,2.5,2.8,2.65,1443.2,1513.22
SP2,10/03/02,Jaen,Ferrol,1,4,A,0,1,A,2.35,2.75,2.9,2.3,2.7,2.7,2.2,2.8,3.2,2.25,2.8,3.0,1460.84,1479.1
SP2,10/03/02,Murcia,Albacete,0,0,D,0,0,D,2.35,2.75,2.9,2.4,2.6,2.7,2.375,2.75,2.9,2.4,2.8,2.75,1450.28,1500.06
SP2,10/03/02,Oviedo,Recreativo,1,1,D,0,0,D,2.05,2.75,3.55,2.2,2.6,3.0,2.1,2.7,3.6,2.25,2.5,3.5,1536.38,1541.45
SP2,10/03/02,Santander,Levante,4,2,H,1,1,D,1.45,3.45,6.5,1.4,3.2,6.5,1.444,3.4,7.0,1.4,3.6,7.0,1554.18,1450.18
SP2,10/03/02,Xerez,Eibar,1,0,H,0,0,D,1.7,3.0,4.75,1.65,2.8,4.6,1.667,3.0,5.0,1.65,3.0,5.0,1538.73,1477.47
SP2,16/03/02,Albacete,Ath Madrid,2,1,H,2,1,H,2.95,2.85,2.28,2.6,2.8,2.3,3.0,2.8,2.3,,,,1501.85,1620.93
SP2,17/03/02,Badajoz,Gimnastic,2,1,H,1,0,H,1.85,2.9,4.15,1.85,2.9,3.4,1.8,3.0,4.333,,,,1454.01,1442.12
SP2,17/03/02,Cordoba,Murcia,2,1,H,0,0,D,2.0,2.85,3.65,2.0,2.8,3.1,1.909,3.0,3.75,,,,1498.8,1448.49
SP2,17/03/02,Elche,Xerez,4,0,H,2,0,H,2.35,2.7,3.0,2.3,2.7,2.7,2.25,2.8,3.1,,,,1484.04,1545.81
SP2,17/03/02,Leganes,Jaen,2,0,H,1,0,H,2.15,2.8,3.3,2.2,2.7,2.9,2.0,2.875,3.6,,,,1435.86,1445.45
SP2,17/03/02,Levante,Burgos,0,0,D,0,0,D,2.55,2.65,2.78,2.6,2.5,2.6,2.4,2.8,2.8,,,,1444.28,1468.19
SP2,17/03/02,Numancia,Poli Ejido,3,0,H,0,0,D,1.85,2.9,4.15,1.75,2.9,3.8,1.8,3.0,4.333,,,,1470.89,1454.07
SP2,17/03/02,Ferrol,Eibar,1,1,D,1,1,D,1.9,2.9,3.8,1.9,2.8,3.4,1.909,2.875,4.0,,,,1494.49,1470.39
SP2,17/03/02,Recreativo,Extremadura,3,2,H,2,2,D,1.65,3.1,5.0,1.65,2.9,4.4,1.667,3.1,5.0,,,,1544.78,1451.08
SP2,17/03/02,Salamanca,Santander,1,2,A,0,1,A,2.35,2.65,3.07,2.3,2.6,2.8,2.25,2.7,3.2,,,,1492.49,1560.08
SP2,17/03/02,Sp Gijon,Oviedo,0,0,D,0,0,D,2.45,2.7,2.85,2.4,2.65,2.65,2.3,2.8,3.0,,,,1514.3,1533.05
SP2,23/03/02,Ath Madrid,Cordoba,0,0,D,0,0,D,1.45,3.65,5.65,1.5,3.1,5.2,1.444,3.4,7.0,,,,1607.74,1506.21
SP2,23/03/02,Eibar,Leganes,0,0,D,0,0,D,1.75,3.05,4.15,1.9,2.7,3.6,1.833,2.875,4.333,1.95,2.85,3.75,1474.67,1445.18
SP2,23/03/02,Gimnastic,Numancia,3,1,H,3,0,H,2.2,2.85,3.0,2.4,2.6,2.7,2.2,2.8,3.2,2.45,2.75,2.75,1433.51,1479.34
SP2,23/03/02,Xerez,Ferrol,2,1,H,1,0,H,1.67,3.2,4.35,1.8,2.8,3.7,1.727,3.1,4.5,1.85,2.9,4.0,1534.68,1490.21
SP2,24/03/02,Burgos,Salamanca,0,0,D,0,0,D,2.2,2.85,3.0,2.3,2.6,2.8,2.2,2.7,3.3,2.2,2.6,3.4,1470.88,1478.83
SP2,24/03/02,Poli Ejido,Albacete,2,0,H,0,0,D,2.57,2.85,2.5,2.5,2.6,2.6,2.7,2.8,2.5,2.6,2.7,2.65,1445.62,1515.04
SP2,24/03/02,Extremadura,Sp Gijon,1,2,A,1,2,A,2.15,2.85,3.1,2.1,2.6,3.0,2.25,2.875,3.0,2.45,2.7,2.8,1444.91,1511.43
SP2,24/03/02,Jaen,Levante,0,1,A,0,0,D,1.92,3.0,3.5,1.9,2.8,3.4,1.909,2.875,4.0,1.95,2.85,3.75,1436.13,1441.59
SP2,24/03/02,Murcia,Elche,2,1,H,1,0,H,2.22,2.9,2.9,2.3,2.6,2.8,2.25,2.8,3.1,2.35,2.7,2.95,1441.08,1495.17
SP2,24/03/02,Oviedo,Badajoz,1,0,H,1,0,H,1.67,3.0,4.75,1.75,2.7,4.2,1.667,3.1,5.0,1.75,2.8,4.8,1535.92,1462.62
SP2,24/03/02,Santander,Recreativo,1,5,A,0,1,A,1.85,2.85,4.0,2.0,2.6,3.5,1.909,2.75,4.2,2.05,2.7,3.6,1573.74,1550.95
SP2,30/03/02,Albacete,Gimnastic,1,0,H,1,0,H,1.55,3.25,5.65,1.6,3.0,4.6,1.571,3.25,5.5,1.65,3.0,5.0,1503.64,1444.08
SP2,30/03/02,Cordoba,Poli Ejido,0,1,A,0,0,D,1.6,3.2,5.2,1.65,2.9,4.4,1.667,3.1,5.0,1.7,3.0,4.75,1512.74,1457.02
SP2,30/03/02,Elche,Ath Madrid,5,1,H,2,0,H,3.0,2.8,2.3,2.7,2.7,2.3,2.8,2.875,2.375,2.8,2.85,2.35,1484.31,1601.21
SP2,30/03/02,Leganes,Ferrol,2,2,D,1,1,D,2.35,2.7,3.0,2.3,2.7,2.7,2.3,2.75,3.1,2.35,2.85,2.8,1449.63,1482.63
SP2,30/03/02,Numancia,Oviedo,1,2,A,1,0,H,2.6,2.65,2.75,2.6,2.5,2.6,2.5,2.8,2.7,2.6,2.7,2.65,1468.77,1542.66
SP2,31/03/02,Badajoz,Extremadura,2,2,D,1,2,A,1.9,2.85,4.0,1.85,2.7,3.7,1.909,2.875,4.0,1.95,2.9,3.6,1455.88,1431.21
SP2,31/03/02,Levante,Eibar,0,0,D,0,0,D,2.4,2.7,2.92,2.3,2.6,2.8,2.375,2.75,2.9,2.35,2.85,2.8,1457.41,1470.22
SP2,31/03/02,Murcia,Xerez,0,0,D,0,0,D,2.67,2.7,2.6,2.6,2.6,2.5,2.5,2.8,2.7,2.6,2.75,2.6,1451.94,1542.26
SP2,31/03/02,Recreativo,Burgos,0,1,A,0,1,A,1.7,3.0,4.8,1.65,2.9,4.4,1.667,3.1,5.0,1.65,3.0,5.0,1567.69,1467.64
SP2,31/03/02,Salamanca,Jaen,0,1,A,0,1,A,1.75,3.0,4.5,1.75,2.8,4.0,1.8,3.0,4.333,1.75,2.9,4.5,1482.07,1420.31
SP2,31/03/02,Sp Gijon,Santander,1,1,D,0,1,A,2.35,2.7,3.0,2.4,2.6,2.7,2.375,2.7,3.0,2.4,2.75,2.8,1525.13,1557.0
SP2,06/04/02,Ath Madrid,Murcia,4,2,H,2,1,H,1.4,3.6,6.75,1.4,3.4,6.0,1.4,3.6,7.5,1.45,3.6,6.0,1588.1,1451.59
SP2,06/04/02,Xerez,Leganes,3,3,D,1,2,A,1.5,3.3,6.1,1.45,3.3,5.5,1.5,3.4,6.0,1.45,3.6,6.0,1542.61,1447.25
SP2,07/04/02,Burgos,Sp Gijon,0,0,D,0,0,D,2.35,2.65,3.0,2.3,2.7,2.7,2.25,2.8,3.1,2.3,2.7,3.0,1486.63,1522.71
SP2,07/04/02,Eibar,Salamanca,0,1,A,0,0,D,2.15,2.7,3.45,2.2,2.7,2.9,2.1,2.75,3.5,2.3,2.7,3.0,1473.29,1464.14
SP2,07/04/02,Poli Ejido,Elche,0,0,D,0,0,D,2.22,2.75,3.1,2.4,2.6,2.7,2.375,2.8,2.875,2.5,2.6,2.85,1474.78,1497.42
SP2,07/04/02,Extremadura,Numancia,0,2,A,0,1,A,2.05,2.65,3.7,2.1,2.7,3.0,2.0,2.875,3.6,2.3,2.7,3.0,1435.51,1455.33
SP2,07/04/02,Gimnastic,Cordoba,1,0,H,0,0,D,2.2,2.8,3.1,2.2,2.7,2.9,2.375,2.8,2.875,2.5,2.6,2.85,1436.95,1494.98
SP2,07/04/02,Jaen,Recreativo,1,1,D,0,0,D,2.9,2.75,2.35,2.65,2.7,2.35,2.9,2.75,2.375,3.0,2.8,2.25,1438.24,1548.7
SP2,07/04/02,Oviedo,Albacete,0,0,D,0,0,D,1.8,2.95,4.15,1.9,2.8,3.4,1.909,2.875,4.0,2.0,2.8,3.6,1556.1,1510.77
SP2,07/04/02,Ferrol,Levante,1,2,A,0,1,A,1.7,3.0,4.7,1.7,2.9,4.0,1.667,3.1,5.0,1.7,3.0,4.75,1485.01,1454.34
SP2,07/04/02,Santander,Badajoz,3,0,H,0,0,D,1.53,3.3,5.6,1.6,2.9,4.4,1.615,3.1,5.5,1.65,3.0,5.0,1559.42,1451.58
SP2,13/04/02,Levante,Leganes,1,2,A,1,0,H,2.05,2.75,3.5,2.1,2.6,3.2,2.2,2.75,3.25,2.2,2.65,3.3,1471.33,1453.62
SP2,13/04/02,Recreativo,Eibar,1,0,H,0,0,D,1.58,3.1,5.6,1.6,3.0,4.6,1.667,3.1,5.0,1.6,3.25,5.0,1548.32,1456.99
SP2,14/04/02,Albacete,Extremadura,1,1,D,1,1,D,1.6,3.15,5.1,1.6,3.0,4.6,1.615,3.25,5.0,1.7,3.1,4.5,1515.71,1420.18
SP2,14/04/02,Ath Madrid,Xerez,0,0,D,0,0,D,1.67,3.1,4.6,1.75,2.9,3.8,1.727,3.1,4.5,1.8,2.9,4.3,1593.2,1536.24
SP2,14/04/02,Badajoz,Burgos,2,3,A,1,1,D,2.1,2.75,3.4,2.2,2.7,2.9,2.25,2.8,3.1,2.25,2.9,2.9,1445.78,1484.36
SP2,14/04/02,Cordoba,Oviedo,0,1,A,0,0,D,2.4,2.75,2.8,2.6,2.5,2.6,2.5,2.75,2.75,2.65,2.65,2.65,1483.98,1551.16
SP2,14/04/02,Elche,Gimnastic,1,0,H,0,0,D,1.65,3.15,4.75,1.6,3.0,4.6,1.615,3.1,5.5,1.7,3.1,4.5,1500.16,1447.95
SP2,14/04/02,Murcia,Poli Ejido,0,1,A,0,0,D,1.85,2.9,4.0,1.9,2.8,3.4,2.0,2.875,3.6,2.1,2.75,3.4,1446.49,1472.04
SP2,14/04/02,Numancia,Santander,0,1,A,0,1,A,2.4,2.65,2.9,2.6,2.5,2.6,2.5,2.75,2.75,2.6,2.75,2.6,1470.66,1565.22
SP2,14/04/02,Salamanca,Ferrol,3,1,H,1,0,H,1.95,2.75,3.85,2.1,2.6,3.2,2.0,2.875,3.6,2.1,2.85,3.25,1480.44,1468.02
SP2,14/04/02,Sp Gijon,Jaen,3,2,H,2,1,H,1.7,3.1,4.4,,,,1.8,3.0,4.333,1.9,3.0,3.6,1524.98,1438.62
SP2,20/04/02,Burgos,Numancia,1,1,D,0,1,A,2.02,2.9,3.45,2.2,2.7,2.9,2.0,2.875,3.6,2.1,2.75,3.4,1499.05,1457.96
SP2,20/04/02,Eibar,Sp Gijon,2,0,H,1,0,H,2.25,2.9,2.95,2.3,2.8,2.6,2.3,2.8,3.0,2.35,2.7,2.9,1450.75,1531.35
SP2,20/04/02,Poli Ejido,Ath Madrid,1,2,A,0,1,A,3.2,3.05,2.05,2.6,2.8,2.3,3.6,2.875,2.0,3.3,2.8,2.1,1487.18,1587.91
SP2,20/04/02,Extremadura,Cordoba,3,2,H,2,0,H,2.02,3.0,3.35,1.9,2.9,3.2,1.909,3.0,3.75,1.9,2.9,3.75,1426.56,1470.3
SP2,20/04/02,Gimnastic,Murcia,1,1,D,0,0,D,2.1,2.9,3.25,2.1,2.8,3.0,,,,2.1,2.85,3.25,1440.6,1431.35
SP2,20/04/02,Jaen,Badajoz,0,1,A,0,0,D,2.17,2.9,3.1,2.1,2.8,3.0,2.1,2.8,3.4,2.1,2.85,3.25,1432.25,1431.09
SP2,20/04/02,Leganes,Salamanca,3,1,H,1,1,D,2.1,2.9,3.25,1.9,2.8,3.4,2.2,2.7,3.3,2.1,2.75,3.35,1470.2,1489.03
SP2,20/04/02,Oviedo,Elche,3,6,A,0,3,A,1.75,3.1,4.25,1.85,3.0,3.3,1.8,2.875,4.5,1.75,3.05,4.2,1564.84,1507.51
SP2,20/04/02,Ferrol,Recreativo,1,1,D,0,0,D,2.65,2.85,2.5,2.6,2.8,2.3,,,,2.6,2.7,2.6,1459.43,1554.56
SP2,20/04/02,Santander,Albacete,3,1,H,0,0,D,1.62,3.3,4.85,1.65,3.1,4.0,1.667,3.25,4.5,1.6,3.2,5.0,1577.92,1509.33
SP2,20/04/02,Xerez,Levante,0,1,A,0,0,D,1.42,3.75,6.35,1.5,3.4,4.7,1.4,3.6,7.5,1.44,3.45,6.5,1541.53,1454.75
SP2,27/04/02,Ath Madrid,Gimnastic,3,3,D,1,1,D,1.35,4.0,6.85,1.4,3.5,5.6,,,,,,,1600.38,1436.79
SP2,27/04/02,Poli Ejido,Xerez,1,1,D,0,1,A,2.6,2.65,2.65,2.55,2.6,2.55,,,,,,,1474.71,1522.89
SP2,27/04/02,Elche,Extremadura,0,0,D,0,0,D,1.73,3.2,4.0,1.7,3.0,3.9,,,,,,,1525.31,1437.05
SP2,28/04/02,Albacete,Burgos,2,1,H,1,0,H,2.0,2.8,3.5,2.1,2.7,3.1,,,,,,,1502.46,1494.24
SP2,28/04/02,Badajoz,Eibar,0,1,A,0,0,D,2.0,2.7,3.7,2.1,2.6,3.3,,,,,,,1447.13,1462.55
SP2,28/04/02,Cordoba,Santander,0,4,A,0,1,A,2.7,2.7,2.5,2.6,2.6,2.5,,,,,,,1459.81,1584.79
SP2,28/04/02,Murcia,Oviedo,1,1,D,1,0,H,2.65,2.75,2.5,2.55,2.65,2.5,,,,,,,1435.16,1547.04
SP2,28/04/02,Numancia,Jaen,1,0,H,0,0,D,1.85,3.0,3.7,1.9,2.9,3.2,,,,,,,1462.77,1416.21
SP2,28/04/02,Recreativo,Leganes,1,2,A,1,0,H,1.48,3.45,5.75,1.55,3.0,5.0,,,,,,,1554.74,1479.83
SP2,28/04/02,Salamanca,Levante,0,1,A,0,0,D,1.85,3.0,3.75,,,,,,,,,,1479.4,1473.39
SP2,28/04/02,Sp Gijon,Ferrol,5,3,H,4,1,H,1.9,2.75,4.0,1.9,2.7,3.6,,,,,,,1519.55,1459.25
SP2,04/05/02,Eibar,Numancia,2,0,H,0,0,D,2.0,2.8,3.5,2.1,2.8,3.0,,,,,,,1478.03,1470.29
SP2,04/05/02,Extremadura,Murcia,0,2,A,0,2,A,1.95,2.9,3.5,1.85,2.8,3.5,,,,,,,1443.23,1435.59
SP2,04/05/02,Gimnastic,Poli Ejido,2,2,D,2,1,H,1.98,2.9,3.4,,,,,,,,,,1444.79,1472.86
SP2,04/05/02,Jaen,Albacete,1,0,H,0,0,D,2.1,2.95,3.05,2.1,3.0,2.8,,,,,,,1408.69,1511.19
SP2,04/05/02,Leganes,Sp Gijon,0,2,A,0,1,A,2.15,2.8,3.12,2.2,2.7,2.9,,,,,,,1498.14,1526.66
SP2,04/05/02,Santander,Elche,0,0,D,0,0,D,1.68,3.1,4.45,1.65,2.9,4.4,,,,,,,1596.39,1519.13
SP2,04/05/02,Xerez,Salamanca,0,2,A,0,1,A,1.6,3.15,5.0,1.6,3.0,4.5,,,,,,,1524.74,1463.2
SP2,05/05/02,Burgos,Cordoba,0,1,A,0,1,A,2.1,2.65,3.45,,,,,,,,,,1485.51,1448.21
SP2,05/05/02,Levante,Recreativo,0,1,A,0,0,D,2.68,2.8,2.42,,,,,,,,,,1489.59,1536.43
SP2,05/05/02,Oviedo,Ath Madrid,2,3,A,1,1,D,2.25,2.85,2.9,,,,,,,,,,1546.61,1592.38
SP2,05/05/02,Ferrol,Badajoz,1,0,H,1,0,H,2.05,2.55,3.8,,,,,,,,,,1452.14,1431.65
SP2,11/05/02,Ath Madrid,Extremadura,3,2,H,2,1,H,1.7,3.6,3.6,,,,,,,,,,1606.82,1426.98
SP2,11/05/02,Cordoba,Jaen,2,1,H,1,1,D,1.85,3.2,3.65,,,,,,,,,,1465.41,1421.28
SP2,11/05/02,Gimnastic,Xerez,2,1,H,2,0,H,2.7,3.0,2.35,,,,,,,,,,1442.24,1506.81
SP2,11/05/02,Recreativo,Salamanca,2,0,H,2,0,H,1.5,3.5,5.65,,,,,,,,,,1550.83,1481.13
SP2,11/05/02,Sp Gijon,Levante,0,1,A,0,1,A,1.8,3.35,3.65,,,,,,,,,,1541.7,1475.19
SP2,12/05/02,Albacete,Eibar,0,0,D,0,0,D,1.95,2.85,3.8,,,,,,,,,,1498.6,1486.77
SP2,12/05/02,Badajoz,Leganes,3,2,H,2,1,H,1.83,3.0,4.0,,,,,,,,,,1423.32,1483.1
SP2,12/05/02,Poli Ejido,Oviedo,3,0,H,1,0,H,2.1,3.1,2.9,,,,,,,,,,1475.41,1532.17
SP2,12/05/02,Elche,Burgos,2,0,H,1,0,H,1.65,3.2,4.75,,,,,,,,,,1525.01,1468.31
SP2,12/05/02,Murcia,Santander,0,0,D,0,0,D,2.8,2.8,2.42,,,,,,,,,,1451.84,1590.51
SP2,12/05/02,Numancia,Ferrol,4,0,H,3,0,H,1.7,3.2,4.5,,,,,,,,,,1461.55,1460.47
SP2,18/05/02,Ferrol,Albacete,2,0,H,1,0,H,2.0,2.6,3.95,,,,,,,,,,1451.51,1494.71
SP2,19/05/02,Burgos,Murcia,0,1,A,0,0,D,2.25,2.85,2.9,,,,,,,2.2,2.8,3.1,1461.09,1453.23
SP2,19/05/02,Eibar,Cordoba,2,1,H,1,0,H,1.96,2.75,3.78,,,,,,,1.95,3.0,3.4,1490.66,1473.0
SP2,19/05/02,Extremadura,Poli Ejido,1,1,D,1,0,H,2.05,2.95,3.22,,,,,,,2.1,2.95,3.1,1422.82,1486.36
SP2,19/05/02,Jaen,Elche,0,1,A,0,0,D,2.35,3.35,2.42,,,,,,,2.2,3.4,2.55,1413.69,1532.23
SP2,19/05/02,Leganes,Numancia,0,1,A,0,1,A,2.3,2.5,3.3,,,,,,,2.3,2.45,3.4,1472.04,1470.51
SP2,19/05/02,Levante,Badajoz,0,1,A,0,0,D,1.98,2.8,3.65,,,,,,,1.83,2.8,4.33,1493.26,1434.38
SP2,19/05/02,Oviedo,Gimnastic,0,2,A,0,1,A,2.22,3.4,2.55,,,,,,,2.25,3.25,2.6,1521.22,1453.47
SP2,19/05/02,Santander,Ath Madrid,1,0,H,0,0,D,2.0,2.85,3.5,,,,,,,2.0,2.8,3.55,1589.12,1610.98
SP2,19/05/02,Recreativo,Xerez,2,1,H,1,1,D,1.88,2.95,3.75,,,,,,,1.95,2.7,3.9,1557.67,1495.58
SP2,19/05/02,Salamanca,Sp Gijon,1,2,A,0,2,A,2.15,2.75,3.25,,,,,,,2.1,2.8,3.3,1474.29,1523.63
SP2,25/05/02,Albacete,Leganes,1,2,A,1,1,D,,,,,,,,,,,,,1484.24,1455.99
SP2,25/05/02,Ath Madrid,Burgos,1,1,D,1,1,D,,,,,,,,,,,,,1601.24,1444.83
SP2,25/05/02,Badajoz,Salamanca,2,2,D,1,1,D,,,,,,,,,,,,,1452.23,1459.98
SP2,25/05/02,Cordoba,Ferrol,1,1,D,0,0,D,,,,,,,,,,,,,1464.58,1461.98
SP2,25/05/02,Poli Ejido,Santander,1,0,H,0,0,D,,,,,,,,,,,,,1487.67,1598.86
SP2,25/05/02,Elche,Eibar,0,0,D,0,0,D,,,,,,,,,,,,,1544.06,1499.08
SP2,25/05/02,Gimnastic,Extremadura,3,1,H,0,0,D,,,,,,,,,,,,,1471.58,1421.51
SP2,25/05/02,Murcia,Jaen,3,0,H,0,0,D,,,,,,,,,,,,,1469.49,1401.86
SP2,25/05/02,Numancia,Levante,1,2,A,0,1,A,,,,,,,,,,,,,1486.56,1475.41
SP2,25/05/02,Sp Gijon,Recreativo,3,1,H,0,0,D,,,,,,,,,,,,,1537.94,1564.73
SP2,25/05/02,Xerez,Oviedo,2,1,H,0,1,A,,,,,,,,,,,,,1488.52,1503.11
