Div,Date,HomeTeam,AwayTeam,FTHG,FTAG,FTR,Unnamed: 7,Unnamed: 8,Unnamed: 9,Unnamed: 10,Unnamed: 11,Unnamed: 12,Unnamed: 13,Unnamed: 14,Unnamed: 15,Unnamed: 16,Unnamed: 17,Unnamed: 18,Unnamed: 19,Unnamed: 20,Unnamed: 21,Unnamed: 22,Unnamed: 23,Unnamed: 24,Unnamed: 25,Unnamed: 26,Unnamed: 27,EloHome,EloAway
E2,09/08/97,Blackpool,Luton,1,0,H,,,,,,,,,,,,,,,,,,,,,,1444.29,1437.95
E2,09/08/97,Bristol Rvs,Plymouth,1,1,D,,,,,,,,,,,,,,,,,,,,,,1345.17,1349.77
E2,09/08/97,Chesterfield,Walsall,3,1,H,,,,,,,,,,,,,,,,,,,,,,1403.25,1412.77
E2,09/08/97,Fulham,Wrexham,1,0,H,,,,,,,,,,,,,,,,,,,,,,1350.79,1407.89
E2,09/08/97,Gillingham,Preston,0,0,D,,,,,,,,,,,,,,,,,,,,,,1415.99,1382.79
E2,09/08/97,Grimsby,Bristol City,1,1,D,,,,,,,,,,,,,,,,,,,,,,1347.64,1426.67
E2,09/08/97,Millwall,Brentford,3,0,H,,,,,,,,,,,,,,,,,,,,,,1318.91,1394.92
E2,09/08/97,Northampton,Bournemouth,0,2,A,,,,,,,,,,,,,,,,,,,,,,1323.55,1390.1
E2,09/08/97,Oldham,York,3,1,H,,,,,,,,,,,,,,,,,,,,,,1333.8,1325.54
E2,09/08/97,Southend,Carlisle,1,1,D,,,,,,,,,,,,,,,,,,,,,,1291.67,1349.79
E2,09/08/97,Watford,Burnley,1,0,H,,,,,,,,,,,,,,,,,,,,,,1381.88,1381.96
E2,09/08/97,Wigan,Wycombe,5,2,H,,,,,,,,,,,,,,,,,,,,,,1355.0,1369.78
E2,16/08/97,Bournemouth,Wigan,1,0,H,,,,,,,,,,,,,,,,,,,,,,1403.8,1364.49
E2,16/08/97,Brentford,Chesterfield,0,0,D,,,,,,,,,,,,,,,,,,,,,,1383.28,1412.57
E2,16/08/97,Bristol City,Blackpool,2,0,H,,,,,,,,,,,,,,,,,,,,,,1427.42,1453.08
E2,16/08/97,Burnley,Gillingham,0,0,D,,,,,,,,,,,,,,,,,,,,,,1372.96,1411.42
E2,16/08/97,Carlisle,Watford,0,2,A,,,,,,,,,,,,,,,,,,,,,,1351.29,1390.88
E2,16/08/97,Plymouth,Grimsby,2,2,D,,,,,,,,,,,,,,,,,,,,,,1353.12,1346.89
E2,16/08/97,Preston,Millwall,2,1,H,,,,,,,,,,,,,,,,,,,,,,1387.36,1330.55
E2,16/08/97,Walsall,Fulham,1,1,D,,,,,,,,,,,,,,,,,,,,,,1403.45,1361.75
E2,16/08/97,Wrexham,Oldham,3,1,H,,,,,,,,,,,,,,,,,,,,,,1396.93,1342.53
E2,16/08/97,Wycombe,Northampton,0,0,D,,,,,,,,,,,,,,,,,,,,,,1360.29,1309.85
E2,16/08/97,York,Bristol Rvs,0,1,A,,,,,,,,,,,,,,,,,,,,,,1316.81,1341.82
E2,18/08/97,Luton,Southend,1,0,H,,,,,,,,,,,,,,,,,,,,,,1429.16,1290.17
E2,23/08/97,Blackpool,Wycombe,2,4,A,,,,,,,,,,,,,,,,,,,,,,1443.21,1355.19
E2,23/08/97,Bristol Rvs,Carlisle,3,1,H,,,,,,,,,,,,,,,,,,,,,,1356.98,1336.64
E2,23/08/97,Chesterfield,Preston,3,2,H,,,,,,,,,,,,,,,,,,,,,,1415.08,1394.57
E2,23/08/97,Fulham,Luton,0,0,D,,,,,,,,,,,,,,,,,,,,,,1366.58,1434.2
E2,23/08/97,Gillingham,Walsall,2,1,H,,,,,,,,,,,,,,,,,,,,,,1413.61,1398.62
E2,23/08/97,Grimsby,Wrexham,0,0,D,,,,,,,,,,,,,,,,,,,,,,1350.6,1404.21
E2,23/08/97,Millwall,York,2,3,A,,,,,,,,,,,,,,,,,,,,,,1323.34,1301.65
E2,23/08/97,Northampton,Bristol City,2,1,H,,,,,,,,,,,,,,,,,,,,,,1314.95,1437.29
E2,23/08/97,Oldham,Bournemouth,2,1,H,,,,,,,,,,,,,,,,,,,,,,1335.25,1411.54
E2,23/08/97,Southend,Burnley,1,0,H,,,,,,,,,,,,,,,,,,,,,,1285.13,1370.77
E2,23/08/97,Watford,Brentford,3,1,H,,,,,,,,,,,,,,,,,,,,,,1405.53,1380.77
E2,23/08/97,Wigan,Plymouth,1,1,D,,,,,,,,,,,,,,,,,,,,,,1356.75,1349.41
E2,30/08/97,Bournemouth,Blackpool,2,0,H,,,,,,,,,,,,,,,,,,,,,,1399.89,1424.54
E2,30/08/97,Brentford,Grimsby,3,1,H,,,,,,,,,,,,,,,,,,,,,,1372.58,1348.94
E2,30/08/97,Bristol City,Wigan,3,0,H,,,,,,,,,,,,,,,,,,,,,,1423.99,1353.01
E2,30/08/97,Burnley,Bristol Rvs,0,0,D,,,,,,,,,,,,,,,,,,,,,,1358.79,1365.32
E2,30/08/97,Carlisle,Northampton,0,2,A,,,,,,,,,,,,,,,,,,,,,,1328.3,1328.25
E2,30/08/97,Luton,Oldham,1,1,D,,,,,,,,,,,,,,,,,,,,,,1435.36,1346.9
E2,30/08/97,Plymouth,Chesterfield,1,1,D,,,,,,,,,,,,,,,,,,,,,,1353.15,1423.41
E2,30/08/97,Preston,Watford,2,0,H,,,,,,,,,,,,,,,,,,,,,,1386.24,1413.72
E2,30/08/97,Walsall,Southend,3,1,H,,,,,,,,,,,,,,,,,,,,,,1390.11,1297.11
E2,30/08/97,Wycombe,Fulham,2,0,H,,,,,,,,,,,,,,,,,,,,,,1373.86,1365.42
E2,30/08/97,York,Gillingham,2,1,H,,,,,,,,,,,,,,,,,,,,,,1318.36,1422.12
E2,02/09/97,Bournemouth,Bristol Rvs,1,1,D,,,,,,,,,,,,,,,,,,,,,,1409.72,1368.6
E2,02/09/97,Brentford,Gillingham,2,0,H,,,,,,,,,,,,,,,,,,,,,,1380.81,1409.48
E2,02/09/97,Bristol City,Fulham,0,2,A,,,,,,,,,,,,,,,,,,,,,,1430.79,1356.7
E2,02/09/97,Burnley,Oldham,0,0,D,,,,,,,,,,,,,,,,,,,,,,1355.51,1353.09
E2,02/09/97,Carlisle,Wigan,1,0,H,,,,,,,,,,,,,,,,,,,,,,1312.3,1346.21
E2,02/09/97,Luton,Millwall,0,2,A,,,,,,,,,,,,,,,,,,,,,,1429.17,1306.63
E2,02/09/97,Plymouth,Watford,0,1,A,,,,,,,,,,,,,,,,,,,,,,1352.08,1403.79
E2,02/09/97,Preston,Grimsby,2,0,H,,,,,,,,,,,,,,,,,,,,,,1396.17,1340.71
E2,02/09/97,Walsall,Northampton,0,2,A,,,,,,,,,,,,,,,,,,,,,,1396.3,1344.25
E2,02/09/97,Wrexham,Blackpool,3,4,A,,,,,,,,,,,,,,,,,,,,,,1405.87,1414.71
E2,02/09/97,Wycombe,Southend,4,1,H,,,,,,,,,,,,,,,,,,,,,,1382.58,1290.92
E2,02/09/97,York,Chesterfield,0,1,A,,,,,,,,,,,,,,,,,,,,,,1331.0,1424.48
E2,05/09/97,Gillingham,Bournemouth,2,1,H,,,,,,,,,,,,,,,,,,,,,,1399.51,1404.9
E2,05/09/97,Southend,Brentford,3,1,H,,,,,,,,,,,,,,,,,,,,,,1284.69,1390.78
E2,07/09/97,Blackpool,Carlisle,2,1,H,,,,,,,,,,,,,,,,,,,,,,1430.42,1322.45
E2,07/09/97,Chesterfield,Burnley,1,0,H,,,,,,,,,,,,,,,,,,,,,,1437.21,1351.93
E2,07/09/97,Watford,Wycombe,2,1,H,,,,,,,,,,,,,,,,,,,,,,1418.02,1388.81
E2,08/09/97,Wigan,Wrexham,3,2,H,,,,,,,,,,,,,,,,,,,,,,1336.06,1390.16
E2,09/09/97,Bristol Rvs,Walsall,2,0,H,,,,,,,,,,,,,,,,,,,,,,1373.42,1378.65
E2,09/09/97,Fulham,Plymouth,2,0,H,,,,,,,,,,,,,,,,,,,,,,1374.99,1337.85
E2,09/09/97,Grimsby,York,0,0,D,,,,,,,,,,,,,,,,,,,,,,1333.46,1318.27
E2,09/09/97,Northampton,Luton,1,0,H,,,,,,,,,,,,,,,,,,,,,,1361.9,1409.6
E2,09/09/97,Oldham,Preston,1,0,H,,,,,,,,,,,,,,,,,,,,,,1356.67,1403.42
E2,13/09/97,Bournemouth,Luton,1,1,D,,,,,,,,,,,,,,,,,,,,,,1395.72,1398.97
E2,13/09/97,Bristol Rvs,Gillingham,1,2,A,,,,,,,,,,,,,,,,,,,,,,1382.59,1408.69
E2,13/09/97,Fulham,Grimsby,0,2,A,,,,,,,,,,,,,,,,,,,,,,1382.8,1329.46
E2,13/09/97,Millwall,Southend,3,1,H,,,,,,,,,,,,,,,,,,,,,,1326.2,1297.41
E2,13/09/97,Oldham,Northampton,2,2,D,,,,,,,,,,,,,,,,,,,,,,1367.27,1372.53
E2,13/09/97,Plymouth,Brentford,0,0,D,,,,,,,,,,,,,,,,,,,,,,1330.04,1378.06
E2,13/09/97,Preston,Walsall,0,0,D,,,,,,,,,,,,,,,,,,,,,,1392.82,1369.48
E2,13/09/97,Watford,Chesterfield,2,1,H,,,,,,,,,,,,,,,,,,,,,,1426.07,1443.61
E2,13/09/97,Wigan,Blackpool,3,0,H,,,,,,,,,,,,,,,,,,,,,,1346.92,1436.22
E2,13/09/97,Wrexham,Bristol City,2,1,H,,,,,,,,,,,,,,,,,,,,,,1379.3,1412.5
E2,13/09/97,Wycombe,Carlisle,1,4,A,,,,,,,,,,,,,,,,,,,,,,1380.76,1316.65
E2,13/09/97,York,Burnley,3,1,H,,,,,,,,,,,,,,,,,,,,,,1322.27,1345.53
E2,19/09/97,Brentford,Wycombe,1,1,D,,,,,,,,,,,,,,,,,,,,,,1379.92,1362.76
E2,20/09/97,Blackpool,Oldham,2,2,D,,,,,,,,,,,,,,,,,,,,,,1424.1,1363.94
E2,20/09/97,Bristol City,Bournemouth,1,1,D,,,,,,,,,,,,,,,,,,,,,,1402.37,1392.33
E2,20/09/97,Burnley,Preston,1,1,D,,,,,,,,,,,,,,,,,,,,,,1335.75,1388.56
E2,20/09/97,Carlisle,Plymouth,2,2,D,,,,,,,,,,,,,,,,,,,,,,1334.65,1328.18
E2,20/09/97,Chesterfield,Bristol Rvs,0,0,D,,,,,,,,,,,,,,,,,,,,,,1434.02,1367.47
E2,20/09/97,Gillingham,Watford,2,2,D,,,,,,,,,,,,,,,,,,,,,,1423.81,1435.66
E2,20/09/97,Grimsby,Millwall,0,1,A,,,,,,,,,,,,,,,,,,,,,,1347.14,1334.27
E2,20/09/97,Luton,Wrexham,2,5,A,,,,,,,,,,,,,,,,,,,,,,1402.36,1389.43
E2,20/09/97,Northampton,Wigan,1,0,H,,,,,,,,,,,,,,,,,,,,,,1375.86,1359.04
E2,20/09/97,Southend,Fulham,1,0,H,,,,,,,,,,,,,,,,,,,,,,1289.34,1365.12
E2,20/09/97,Walsall,York,2,0,H,,,,,,,,,,,,,,,,,,,,,,1373.74,1332.05
E2,27/09/97,Blackpool,Southend,3,0,H,,,,,,,,,,,,,,,,,,,,,,1418.71,1300.97
E2,27/09/97,Bournemouth,Grimsby,0,1,A,,,,,,,,,,,,,,,,,,,,,,1396.16,1330.72
E2,27/09/97,Brentford,Burnley,2,1,H,,,,,,,,,,,,,,,,,,,,,,1375.86,1334.06
E2,27/09/97,Bristol City,Luton,3,0,H,,,,,,,,,,,,,,,,,,,,,,1398.54,1385.93
E2,27/09/97,Carlisle,Gillingham,2,1,H,,,,,,,,,,,,,,,,,,,,,,1330.94,1420.7
E2,27/09/97,Northampton,Millwall,2,0,H,,,,,,,,,,,,,,,,,,,,,,1384.31,1350.69
E2,27/09/97,Oldham,Bristol Rvs,4,4,D,,,,,,,,,,,,,,,,,,,,,,1369.33,1373.04
E2,27/09/97,Plymouth,Walsall,2,1,H,,,,,,,,,,,,,,,,,,,,,,1331.89,1381.41
E2,27/09/97,Watford,York,1,1,D,,,,,,,,,,,,,,,,,,,,,,1438.77,1324.38
E2,27/09/97,Wigan,Fulham,2,1,H,,,,,,,,,,,,,,,,,,,,,,1350.59,1353.49
E2,27/09/97,Wrexham,Chesterfield,0,0,D,,,,,,,,,,,,,,,,,,,,,,1405.86,1428.45
E2,27/09/97,Wycombe,Preston,0,0,D,,,,,,,,,,,,,,,,,,,,,,1366.82,1390.25
E2,04/10/97,Bristol Rvs,Wrexham,1,0,H,,,,,,,,,,,,,,,,,,,,,,1376.42,1403.12
E2,04/10/97,Burnley,Wycombe,2,2,D,,,,,,,,,,,,,,,,,,,,,,1326.4,1364.11
E2,04/10/97,Chesterfield,Bournemouth,1,1,D,,,,,,,,,,,,,,,,,,,,,,1431.19,1378.12
E2,04/10/97,Fulham,Oldham,3,1,H,,,,,,,,,,,,,,,,,,,,,,1344.4,1365.95
E2,04/10/97,Gillingham,Bristol City,2,0,H,,,,,,,,,,,,,,,,,,,,,,1408.57,1407.12
E2,04/10/97,Grimsby,Wigan,2,1,H,,,,,,,,,,,,,,,,,,,,,,1348.76,1359.68
E2,04/10/97,Luton,Watford,0,4,A,,,,,,,,,,,,,,,,,,,,,,1377.35,1431.91
E2,04/10/97,Millwall,Blackpool,2,1,H,,,,,,,,,,,,,,,,,,,,,,1342.77,1424.26
E2,04/10/97,Preston,Brentford,2,1,H,,,,,,,,,,,,,,,,,,,,,,1392.96,1383.52
E2,04/10/97,Southend,Northampton,0,0,D,,,,,,,,,,,,,,,,,,,,,,1295.42,1392.23
E2,04/10/97,Walsall,Carlisle,3,1,H,,,,,,,,,,,,,,,,,,,,,,1370.71,1343.07
E2,04/10/97,York,Plymouth,1,0,H,,,,,,,,,,,,,,,,,,,,,,1331.24,1342.59
E2,11/10/97,Burnley,Carlisle,3,1,H,,,,,,,,,,,,,,,,,,,,,,1324.18,1334.97
E2,11/10/97,Chesterfield,Wigan,2,3,A,,,,,,,,,,,,,,,,,,,,,,1426.01,1350.32
E2,11/10/97,Fulham,Blackpool,1,0,H,,,,,,,,,,,,,,,,,,,,,,1354.12,1412.43
E2,11/10/97,Gillingham,Wycombe,1,0,H,,,,,,,,,,,,,,,,,,,,,,1417.52,1366.33
E2,11/10/97,Grimsby,Northampton,1,0,H,,,,,,,,,,,,,,,,,,,,,,1358.12,1392.34
E2,11/10/97,Luton,Plymouth,3,0,H,,,,,,,,,,,,,,,,,,,,,,1363.22,1333.21
E2,11/10/97,Millwall,Oldham,2,1,H,,,,,,,,,,,,,,,,,,,,,,1354.6,1356.23
E2,11/10/97,Preston,Bournemouth,0,1,A,,,,,,,,,,,,,,,,,,,,,,1401.65,1383.3
E2,11/10/97,Southend,Bristol City,0,2,A,,,,,,,,,,,,,,,,,,,,,,1295.31,1398.17
E2,11/10/97,Walsall,Wrexham,3,0,H,,,,,,,,,,,,,,,,,,,,,,1378.81,1393.22
E2,11/10/97,York,Brentford,3,1,H,,,,,,,,,,,,,,,,,,,,,,1340.62,1374.83
E2,14/10/97,Bristol Rvs,Watford,1,2,A,,,,,,,,,,,,,,,,,,,,,,1386.32,1446.04
E2,17/10/97,Bristol City,York,2,1,H,,,,,,,,,,,,,,,,,,,,,,1410.57,1350.78
E2,17/10/97,Carlisle,Preston,0,2,A,,,,,,,,,,,,,,,,,,,,,,1325.61,1385.05
E2,18/10/97,Blackpool,Grimsby,2,2,D,,,,,,,,,,,,,,,,,,,,,,1401.42,1368.28
E2,18/10/97,Bournemouth,Fulham,2,1,H,,,,,,,,,,,,,,,,,,,,,,1399.9,1365.13
E2,18/10/97,Brentford,Walsall,3,0,H,,,,,,,,,,,,,,,,,,,,,,1364.67,1388.29
E2,18/10/97,Northampton,Gillingham,2,1,H,,,,,,,,,,,,,,,,,,,,,,1382.18,1424.9
E2,18/10/97,Oldham,Chesterfield,2,0,H,,,,,,,,,,,,,,,,,,,,,,1347.18,1407.68
E2,18/10/97,Plymouth,Southend,2,3,A,,,,,,,,,,,,,,,,,,,,,,1325.18,1282.91
E2,18/10/97,Watford,Millwall,0,1,A,,,,,,,,,,,,,,,,,,,,,,1459.98,1363.65
E2,18/10/97,Wigan,Luton,1,1,D,,,,,,,,,,,,,,,,,,,,,,1368.65,1371.25
E2,18/10/97,Wrexham,Burnley,0,0,D,,,,,,,,,,,,,,,,,,,,,,1383.74,1333.54
E2,18/10/97,Wycombe,Bristol Rvs,1,0,H,,,,,,,,,,,,,,,,,,,,,,1358.95,1372.38
E2,21/10/97,Blackpool,Chesterfield,2,1,H,,,,,,,,,,,,,,,,,,,,,,1396.85,1396.6
E2,21/10/97,Bournemouth,Millwall,0,0,D,,,,,,,,,,,,,,,,,,,,,,1407.78,1382.55
E2,21/10/97,Brentford,Bristol Rvs,2,3,A,,,,,,,,,,,,,,,,,,,,,,1374.47,1362.93
E2,21/10/97,Bristol City,Preston,2,1,H,,,,,,,,,,,,,,,,,,,,,,1417.69,1399.0
E2,21/10/97,Carlisle,Luton,0,1,A,,,,,,,,,,,,,,,,,,,,,,1311.66,1374.67
E2,21/10/97,Northampton,York,1,1,D,,,,,,,,,,,,,,,,,,,,,,1392.64,1343.66
E2,21/10/97,Oldham,Grimsby,2,0,H,,,,,,,,,,,,,,,,,,,,,,1358.26,1372.85
E2,21/10/97,Plymouth,Burnley,2,2,D,,,,,,,,,,,,,,,,,,,,,,1307.83,1338.63
E2,21/10/97,Watford,Fulham,2,0,H,,,,,,,,,,,,,,,,,,,,,,1441.08,1357.25
E2,21/10/97,Wigan,Gillingham,1,4,A,,,,,,,,,,,,,,,,,,,,,,1365.23,1414.44
E2,21/10/97,Wrexham,Southend,3,1,H,,,,,,,,,,,,,,,,,,,,,,1378.65,1300.26
E2,21/10/97,Wycombe,Walsall,4,2,H,,,,,,,,,,,,,,,,,,,,,,1368.4,1378.49
E2,25/10/97,Bristol Rvs,Blackpool,0,3,A,,,,,,,,,,,,,,,,,,,,,,1379.31,1405.84
E2,25/10/97,Burnley,Bournemouth,2,2,D,,,,,,,,,,,,,,,,,,,,,,1341.09,1403.46
E2,25/10/97,Chesterfield,Wycombe,1,0,H,,,,,,,,,,,,,,,,,,,,,,1387.61,1377.74
E2,25/10/97,Fulham,Northampton,1,1,D,,,,,,,,,,,,,,,,,,,,,,1350.81,1387.59
E2,25/10/97,Gillingham,Plymouth,2,1,H,,,,,,,,,,,,,,,,,,,,,,1428.75,1305.37
E2,25/10/97,Grimsby,Watford,0,1,A,,,,,,,,,,,,,,,,,,,,,,1363.36,1447.52
E2,25/10/97,Luton,Brentford,2,0,H,,,,,,,,,,,,,,,,,,,,,,1388.5,1358.09
E2,25/10/97,Millwall,Wigan,1,1,D,,,,,,,,,,,,,,,,,,,,,,1386.87,1350.92
E2,25/10/97,Preston,Wrexham,0,1,A,,,,,,,,,,,,,,,,,,,,,,1390.61,1385.24
E2,25/10/97,Southend,Oldham,1,1,D,,,,,,,,,,,,,,,,,,,,,,1293.67,1367.75
E2,25/10/97,Walsall,Bristol City,0,0,D,,,,,,,,,,,,,,,,,,,,,,1369.15,1426.08
E2,25/10/97,York,Carlisle,4,3,H,,,,,,,,,,,,,,,,,,,,,,1348.71,1297.83
E2,29/10/97,Millwall,Bristol City,0,2,A,,,,,,,,,,,,,,,,,,,,,,1382.21,1427.62
E2,01/11/97,Bournemouth,Brentford,0,0,D,,,,,,,,,,,,,,,,,,,,,,1404.81,1350.07
E2,01/11/97,Bristol City,Oldham,1,0,H,,,,,,,,,,,,,,,,,,,,,,1442.07,1368.68
E2,01/11/97,Burnley,Walsall,2,1,H,,,,,,,,,,,,,,,,,,,,,,1339.74,1367.61
E2,01/11/97,Carlisle,Wrexham,2,2,D,,,,,,,,,,,,,,,,,,,,,,1290.44,1401.42
E2,01/11/97,Fulham,Chesterfield,1,1,D,,,,,,,,,,,,,,,,,,,,,,1348.56,1396.28
E2,01/11/97,Gillingham,Millwall,1,3,A,,,,,,,,,,,,,,,,,,,,,,1434.16,1367.76
E2,01/11/97,Grimsby,Southend,5,1,H,,,,,,,,,,,,,,,,,,,,,,1350.29,1292.74
E2,01/11/97,Northampton,Bristol Rvs,1,1,D,,,,,,,,,,,,,,,,,,,,,,1389.84,1364.21
E2,01/11/97,Preston,Plymouth,0,1,A,,,,,,,,,,,,,,,,,,,,,,1374.43,1299.96
E2,01/11/97,Watford,Blackpool,4,1,H,,,,,,,,,,,,,,,,,,,,,,1460.59,1420.94
E2,01/11/97,Wigan,York,1,1,D,,,,,,,,,,,,,,,,,,,,,,1355.58,1356.1
E2,01/11/97,Wycombe,Luton,2,2,D,,,,,,,,,,,,,,,,,,,,,,1369.07,1396.52
E2,04/11/97,Blackpool,Northampton,1,1,D,,,,,,,,,,,,,,,,,,,,,,1413.21,1385.51
E2,04/11/97,Brentford,Carlisle,0,1,A,,,,,,,,,,,,,,,,,,,,,,1355.3,1290.83
E2,04/11/97,Bristol Rvs,Bristol City,1,2,A,,,,,,,,,,,,,,,,,,,,,,1368.54,1448.8
E2,04/11/97,Chesterfield,Gillingham,1,1,D,,,,,,,,,,,,,,,,,,,,,,1398.15,1416.09
E2,04/11/97,Luton,Burnley,2,3,A,,,,,,,,,,,,,,,,,,,,,,1399.09,1349.68
E2,04/11/97,Millwall,Fulham,1,1,D,,,,,,,,,,,,,,,,,,,,,,1385.83,1346.69
E2,04/11/97,Oldham,Wigan,3,1,H,,,,,,,,,,,,,,,,,,,,,,1361.95,1352.1
E2,04/11/97,Plymouth,Wycombe,4,2,H,,,,,,,,,,,,,,,,,,,,,,1318.26,1366.5
E2,04/11/97,Southend,Watford,0,3,A,,,,,,,,,,,,,,,,,,,,,,1285.55,1468.32
E2,04/11/97,Walsall,Grimsby,0,0,D,,,,,,,,,,,,,,,,,,,,,,1357.67,1357.48
E2,04/11/97,Wrexham,Bournemouth,2,1,H,,,,,,,,,,,,,,,,,,,,,,1401.03,1399.58
E2,04/11/97,York,Preston,1,0,H,,,,,,,,,,,,,,,,,,,,,,1359.58,1356.13
E2,07/11/97,Oldham,Gillingham,3,1,H,,,,,,,,,,,,,,,,,,,,,,1370.62,1418.99
E2,08/11/97,Blackpool,Burnley,2,1,H,,,,,,,,,,,,,,,,,,,,,,1408.81,1367.25
E2,08/11/97,Brentford,Bristol City,1,4,A,,,,,,,,,,,,,,,,,,,,,,1337.29,1462.01
E2,08/11/97,Bristol Rvs,Fulham,2,3,A,,,,,,,,,,,,,,,,,,,,,,1355.33,1351.44
E2,08/11/97,Chesterfield,Grimsby,1,0,H,,,,,,,,,,,,,,,,,,,,,,1395.25,1360.99
E2,08/11/97,Luton,Preston,1,3,A,,,,,,,,,,,,,,,,,,,,,,1381.52,1347.25
E2,08/11/97,Millwall,Carlisle,1,1,D,,,,,,,,,,,,,,,,,,,,,,1381.08,1308.84
E2,08/11/97,Plymouth,Bournemouth,3,0,H,,,,,,,,,,,,,,,,,,,,,,1328.91,1390.63
E2,08/11/97,Southend,Wigan,1,0,H,,,,,,,,,,,,,,,,,,,,,,1275.97,1343.43
E2,08/11/97,Walsall,Watford,0,0,D,,,,,,,,,,,,,,,,,,,,,,1354.16,1477.9
E2,08/11/97,Wrexham,Northampton,1,0,H,,,,,,,,,,,,,,,,,,,,,,1409.98,1389.91
E2,08/11/97,York,Wycombe,2,0,H,,,,,,,,,,,,,,,,,,,,,,1368.46,1355.85
E2,18/11/97,Bournemouth,Southend,2,1,H,,,,,,,,,,,,,,,,,,,,,,1379.5,1287.3
E2,18/11/97,Bristol City,Plymouth,2,1,H,,,,,,,,,,,,,,,,,,,,,,1473.62,1340.04
E2,18/11/97,Burnley,Millwall,1,2,A,,,,,,,,,,,,,,,,,,,,,,1359.58,1375.35
E2,18/11/97,Carlisle,Chesterfield,0,2,A,,,,,,,,,,,,,,,,,,,,,,1314.57,1403.15
E2,18/11/97,Fulham,York,1,1,D,,,,,,,,,,,,,,,,,,,,,,1367.57,1377.04
E2,18/11/97,Gillingham,Blackpool,1,1,D,,,,,,,,,,,,,,,,,,,,,,1408.33,1416.48
E2,18/11/97,Northampton,Brentford,4,0,H,,,,,,,,,,,,,,,,,,,,,,1381.57,1325.68
E2,18/11/97,Preston,Bristol Rvs,1,2,A,,,,,,,,,,,,,,,,,,,,,,1364.35,1339.2
E2,18/11/97,Watford,Oldham,2,1,H,,,,,,,,,,,,,,,,,,,,,,1477.05,1381.28
E2,18/11/97,Wycombe,Wrexham,0,0,D,,,,,,,,,,,,,,,,,,,,,,1347.27,1418.32
E2,21/11/97,Fulham,Gillingham,3,0,H,,,,,,,,,,,,,,,,,,,,,,1364.38,1405.1
E2,22/11/97,Blackpool,York,1,0,H,,,,,,,,,,,,,,,,,,,,,,1419.71,1380.23
E2,22/11/97,Bournemouth,Carlisle,3,2,H,,,,,,,,,,,,,,,,,,,,,,1385.71,1301.66
E2,22/11/97,Bristol City,Wycombe,3,1,H,,,,,,,,,,,,,,,,,,,,,,1478.79,1346.23
E2,22/11/97,Grimsby,Burnley,4,1,H,,,,,,,,,,,,,,,,,,,,,,1353.09,1344.11
E2,22/11/97,Luton,Walsall,0,1,A,,,,,,,,,,,,,,,,,,,,,,1364.42,1355.01
E2,22/11/97,Millwall,Chesterfield,1,1,D,,,,,,,,,,,,,,,,,,,,,,1390.82,1416.06
E2,22/11/97,Northampton,Watford,0,1,A,,,,,,,,,,,,,,,,,,,,,,1388.81,1483.17
E2,22/11/97,Oldham,Brentford,1,1,D,,,,,,,,,,,,,,,,,,,,,,1375.16,1318.44
E2,22/11/97,Southend,Bristol Rvs,1,1,D,,,,,,,,,,,,,,,,,,,,,,1281.09,1356.02
E2,22/11/97,Wigan,Preston,1,4,A,,,,,,,,,,,,,,,,,,,,,,1332.1,1347.53
E2,22/11/97,Wrexham,Plymouth,1,1,D,,,,,,,,,,,,,,,,,,,,,,1419.36,1334.87
E2,29/11/97,Brentford,Wrexham,1,1,D,,,,,,,,,,,,,,,,,,,,,,1323.72,1413.28
E2,29/11/97,Bristol Rvs,Millwall,2,1,H,,,,,,,,,,,,,,,,,,,,,,1356.92,1388.17
E2,29/11/97,Burnley,Northampton,2,1,H,,,,,,,,,,,,,,,,,,,,,,1335.41,1376.11
E2,29/11/97,Carlisle,Bristol City,0,3,A,,,,,,,,,,,,,,,,,,,,,,1295.22,1483.98
E2,29/11/97,Chesterfield,Southend,1,0,H,,,,,,,,,,,,,,,,,,,,,,1418.71,1280.19
E2,29/11/97,Gillingham,Grimsby,0,2,A,,,,,,,,,,,,,,,,,,,,,,1394.71,1361.79
E2,29/11/97,Plymouth,Oldham,0,2,A,,,,,,,,,,,,,,,,,,,,,,1340.95,1369.88
E2,29/11/97,Preston,Fulham,3,1,H,,,,,,,,,,,,,,,,,,,,,,1363.01,1374.77
E2,29/11/97,Walsall,Blackpool,2,1,H,,,,,,,,,,,,,,,,,,,,,,1371.32,1427.45
E2,29/11/97,Watford,Wigan,2,1,H,,,,,,,,,,,,,,,,,,,,,,1495.87,1316.62
E2,29/11/97,Wycombe,Bournemouth,1,1,D,,,,,,,,,,,,,,,,,,,,,,1341.04,1392.15
E2,29/11/97,York,Luton,1,2,A,,,,,,,,,,,,,,,,,,,,,,1372.49,1348.11
E2,02/12/97,Blackpool,Plymouth,0,0,D,,,,,,,,,,,,,,,,,,,,,,1416.52,1325.93
E2,02/12/97,Bournemouth,York,0,0,D,,,,,,,,,,,,,,,,,,,,,,1393.9,1355.7
E2,02/12/97,Bristol City,Burnley,3,1,H,,,,,,,,,,,,,,,,,,,,,,1493.35,1345.8
E2,02/12/97,Fulham,Brentford,1,1,D,,,,,,,,,,,,,,,,,,,,,,1365.38,1323.34
E2,02/12/97,Grimsby,Wycombe,0,0,D,,,,,,,,,,,,,,,,,,,,,,1378.85,1339.29
E2,02/12/97,Luton,Gillingham,2,2,D,,,,,,,,,,,,,,,,,,,,,,1364.9,1377.65
E2,02/12/97,Northampton,Chesterfield,0,0,D,,,,,,,,,,,,,,,,,,,,,,1365.72,1423.76
E2,02/12/97,Oldham,Carlisle,3,1,H,,,,,,,,,,,,,,,,,,,,,,1384.9,1285.85
E2,02/12/97,Southend,Preston,3,2,H,,,,,,,,,,,,,,,,,,,,,,1275.14,1372.4
E2,02/12/97,Wigan,Bristol Rvs,3,0,H,,,,,,,,,,,,,,,,,,,,,,1312.45,1366.98
E2,02/12/97,Wrexham,Watford,1,1,D,,,,,,,,,,,,,,,,,,,,,,1413.66,1500.04
E2,03/12/97,Millwall,Walsall,0,1,A,,,,,,,,,,,,,,,,,,,,,,1378.11,1382.25
E2,12/12/97,Bristol Rvs,Grimsby,0,4,A,,,,,,,,,,,,,,,,,,,,,,1356.11,1374.08
E2,13/12/97,Brentford,Blackpool,3,1,H,,,,,,,,,,,,,,,,,,,,,,1328.18,1410.28
E2,13/12/97,Burnley,Wigan,0,2,A,,,,,,,,,,,,,,,,,,,,,,1340.95,1323.32
E2,13/12/97,Carlisle,Fulham,2,0,H,,,,,,,,,,,,,,,,,,,,,,1279.82,1360.54
E2,13/12/97,Chesterfield,Luton,0,0,D,,,,,,,,,,,,,,,,,,,,,,1425.26,1361.83
E2,13/12/97,Gillingham,Southend,1,2,A,,,,,,,,,,,,,,,,,,,,,,1380.72,1287.54
E2,13/12/97,Plymouth,Millwall,3,0,H,,,,,,,,,,,,,,,,,,,,,,1332.17,1362.25
E2,13/12/97,Preston,Northampton,1,0,H,,,,,,,,,,,,,,,,,,,,,,1360.0,1364.22
E2,13/12/97,Walsall,Bournemouth,2,1,H,,,,,,,,,,,,,,,,,,,,,,1398.11,1389.17
E2,13/12/97,Watford,Bristol City,1,1,D,,,,,,,,,,,,,,,,,,,,,,1500.53,1498.2
E2,13/12/97,Wycombe,Oldham,2,1,H,,,,,,,,,,,,,,,,,,,,,,1344.06,1390.93
E2,13/12/97,York,Wrexham,1,0,H,,,,,,,,,,,,,,,,,,,,,,1360.43,1413.17
E2,19/12/97,Fulham,Burnley,1,0,H,,,,,,,,,,,,,,,,,,,,,,1348.73,1324.37
E2,19/12/97,Oldham,Walsall,0,0,D,,,,,,,,,,,,,,,,,,,,,,1380.33,1406.81
E2,19/12/97,Southend,York,4,4,D,,,,,,,,,,,,,,,,,,,,,,1306.35,1371.24
E2,20/12/97,Blackpool,Preston,2,1,H,,,,,,,,,,,,,,,,,,,,,,1398.42,1369.14
E2,20/12/97,Bournemouth,Watford,0,1,A,,,,,,,,,,,,,,,,,,,,,,1380.47,1496.95
E2,20/12/97,Bristol City,Chesterfield,1,0,H,,,,,,,,,,,,,,,,,,,,,,1501.78,1419.78
E2,20/12/97,Grimsby,Carlisle,1,0,H,,,,,,,,,,,,,,,,,,,,,,1389.48,1291.63
E2,20/12/97,Luton,Bristol Rvs,2,4,A,,,,,,,,,,,,,,,,,,,,,,1367.31,1340.71
E2,20/12/97,Millwall,Wycombe,1,0,H,,,,,,,,,,,,,,,,,,,,,,1352.23,1354.66
E2,20/12/97,Northampton,Plymouth,2,1,H,,,,,,,,,,,,,,,,,,,,,,1355.08,1342.19
E2,20/12/97,Wigan,Brentford,4,0,H,,,,,,,,,,,,,,,,,,,,,,1339.9,1340.04
E2,20/12/97,Wrexham,Gillingham,0,0,D,,,,,,,,,,,,,,,,,,,,,,1402.36,1361.91
E2,26/12/97,Bournemouth,Gillingham,4,0,H,,,,,,,,,,,,,,,,,,,,,,1368.56,1366.7
E2,26/12/97,Brentford,Southend,1,1,D,,,,,,,,,,,,,,,,,,,,,,1331.04,1305.09
E2,26/12/97,Bristol City,Millwall,4,1,H,,,,,,,,,,,,,,,,,,,,,,1508.27,1361.31
E2,26/12/97,Burnley,Chesterfield,0,0,D,,,,,,,,,,,,,,,,,,,,,,1316.16,1413.29
E2,26/12/97,Carlisle,Blackpool,1,1,D,,,,,,,,,,,,,,,,,,,,,,1285.57,1406.47
E2,26/12/97,Luton,Northampton,2,2,D,,,,,,,,,,,,,,,,,,,,,,1350.45,1363.66
E2,26/12/97,Plymouth,Fulham,1,4,A,,,,,,,,,,,,,,,,,,,,,,1333.61,1356.94
E2,26/12/97,Preston,Oldham,1,1,D,,,,,,,,,,,,,,,,,,,,,,1361.09,1377.72
E2,26/12/97,Walsall,Bristol Rvs,0,1,A,,,,,,,,,,,,,,,,,,,,,,1409.42,1357.57
E2,26/12/97,Wrexham,Wigan,2,2,D,,,,,,,,,,,,,,,,,,,,,,1397.57,1348.9
E2,26/12/97,Wycombe,Watford,0,0,D,,,,,,,,,,,,,,,,,,,,,,1345.58,1508.86
E2,26/12/97,York,Grimsby,0,0,D,,,,,,,,,,,,,,,,,,,,,,1372.5,1395.54
E2,28/12/97,Blackpool,Wrexham,1,2,A,,,,,,,,,,,,,,,,,,,,,,1405.72,1392.53
E2,28/12/97,Bristol Rvs,Bournemouth,5,3,H,,,,,,,,,,,,,,,,,,,,,,1375.21,1377.5
E2,28/12/97,Chesterfield,York,1,1,D,,,,,,,,,,,,,,,,,,,,,,1413.39,1369.78
E2,28/12/97,Fulham,Bristol City,1,0,H,,,,,,,,,,,,,,,,,,,,,,1372.15,1513.13
E2,28/12/97,Grimsby,Preston,3,1,H,,,,,,,,,,,,,,,,,,,,,,1398.26,1358.15
E2,28/12/97,Millwall,Luton,0,2,A,,,,,,,,,,,,,,,,,,,,,,1356.45,1347.39
E2,28/12/97,Northampton,Walsall,3,2,H,,,,,,,,,,,,,,,,,,,,,,1366.72,1391.78
E2,28/12/97,Southend,Wycombe,1,2,A,,,,,,,,,,,,,,,,,,,,,,1309.43,1347.83
E2,28/12/97,Watford,Plymouth,1,1,D,,,,,,,,,,,,,,,,,,,,,,1506.61,1318.4
E2,28/12/97,Wigan,Carlisle,0,2,A,,,,,,,,,,,,,,,,,,,,,,1353.94,1286.32
E2,29/12/97,Gillingham,Brentford,3,1,H,,,,,,,,,,,,,,,,,,,,,,1357.76,1326.7
E2,03/01/98,Chesterfield,Brentford,0,0,D,,,,,,,,,,,,,,,,,,,,,,1408.5,1318.7
E2,03/01/98,Gillingham,Burnley,2,0,H,,,,,,,,,,,,,,,,,,,,,,1365.76,1316.06
E2,03/01/98,Southend,Luton,1,2,A,,,,,,,,,,,,,,,,,,,,,,1294.74,1363.69
E2,10/01/98,Bournemouth,Northampton,3,0,H,,,,,,,,,,,,,,,,,,,,,,1368.43,1376.56
E2,10/01/98,Brentford,Millwall,2,1,H,,,,,,,,,,,,,,,,,,,,,,1324.92,1340.15
E2,10/01/98,Bristol City,Grimsby,4,1,H,,,,,,,,,,,,,,,,,,,,,,1499.16,1405.98
E2,10/01/98,Burnley,Watford,2,0,H,,,,,,,,,,,,,,,,,,,,,,1308.64,1498.11
E2,10/01/98,Carlisle,Southend,5,0,H,,,,,,,,,,,,,,,,,,,,,,1304.42,1281.13
E2,10/01/98,Luton,Blackpool,3,0,H,,,,,,,,,,,,,,,,,,,,,,1377.3,1389.29
E2,10/01/98,Plymouth,Bristol Rvs,1,2,A,,,,,,,,,,,,,,,,,,,,,,1326.9,1384.28
E2,10/01/98,Preston,Gillingham,1,3,A,,,,,,,,,,,,,,,,,,,,,,1350.43,1373.18
E2,10/01/98,Walsall,Chesterfield,3,2,H,,,,,,,,,,,,,,,,,,,,,,1381.94,1402.28
E2,10/01/98,Wrexham,Fulham,0,3,A,,,,,,,,,,,,,,,,,,,,,,1408.96,1386.12
E2,10/01/98,Wycombe,Wigan,1,2,A,,,,,,,,,,,,,,,,,,,,,,1362.52,1335.84
E2,10/01/98,York,Oldham,0,0,D,,,,,,,,,,,,,,,,,,,,,,1374.67,1380.66
E2,17/01/98,Blackpool,Bournemouth,1,0,H,,,,,,,,,,,,,,,,,,,,,,1379.89,1377.7
E2,17/01/98,Bristol Rvs,Burnley,1,0,H,,,,,,,,,,,,,,,,,,,,,,1398.31,1324.29
E2,17/01/98,Chesterfield,Plymouth,2,1,H,,,,,,,,,,,,,,,,,,,,,,1392.6,1312.87
E2,17/01/98,Fulham,Wycombe,0,0,D,,,,,,,,,,,,,,,,,,,,,,1402.86,1345.65
E2,17/01/98,Gillingham,York,0,0,D,,,,,,,,,,,,,,,,,,,,,,1388.41,1371.37
E2,17/01/98,Grimsby,Brentford,4,0,H,,,,,,,,,,,,,,,,,,,,,,1399.79,1334.43
E2,17/01/98,Millwall,Wrexham,0,1,A,,,,,,,,,,,,,,,,,,,,,,1330.64,1392.22
E2,17/01/98,Northampton,Carlisle,2,1,H,,,,,,,,,,,,,,,,,,,,,,1367.29,1312.66
E2,17/01/98,Oldham,Luton,2,1,H,,,,,,,,,,,,,,,,,,,,,,1383.96,1386.7
E2,17/01/98,Southend,Walsall,0,1,A,,,,,,,,,,,,,,,,,,,,,,1272.89,1391.62
E2,17/01/98,Watford,Preston,3,1,H,,,,,,,,,,,,,,,,,,,,,,1482.46,1335.2
E2,17/01/98,Wigan,Bristol City,0,3,A,,,,,,,,,,,,,,,,,,,,,,1352.71,1505.35
E2,24/01/98,Bournemouth,Oldham,0,0,D,,,,,,,,,,,,,,,,,,,,,,1368.77,1393.05
E2,24/01/98,Brentford,Watford,1,2,A,,,,,,,,,,,,,,,,,,,,,,1327.47,1487.31
E2,24/01/98,Bristol City,Northampton,0,0,D,,,,,,,,,,,,,,,,,,,,,,1515.97,1374.57
E2,24/01/98,Burnley,Southend,1,0,H,,,,,,,,,,,,,,,,,,,,,,1317.58,1261.06
E2,24/01/98,Carlisle,Bristol Rvs,3,1,H,,,,,,,,,,,,,,,,,,,,,,1305.38,1405.02
E2,24/01/98,Luton,Fulham,1,4,A,,,,,,,,,,,,,,,,,,,,,,1377.61,1397.56
E2,24/01/98,Plymouth,Wigan,3,2,H,,,,,,,,,,,,,,,,,,,,,,1306.32,1342.09
E2,24/01/98,Preston,Chesterfield,0,0,D,,,,,,,,,,,,,,,,,,,,,,1330.35,1399.15
E2,24/01/98,Wycombe,Blackpool,2,1,H,,,,,,,,,,,,,,,,,,,,,,1350.95,1388.82
E2,24/01/98,York,Millwall,2,3,A,,,,,,,,,,,,,,,,,,,,,,1375.43,1316.76
E2,27/01/98,Oldham,Wrexham,3,0,H,,,,,,,,,,,,,,,,,,,,,,1395.73,1406.1
E2,31/01/98,Blackpool,Wigan,0,2,A,,,,,,,,,,,,,,,,,,,,,,1378.53,1331.87
E2,31/01/98,Brentford,Plymouth,3,1,H,,,,,,,,,,,,,,,,,,,,,,1317.1,1316.54
E2,31/01/98,Bristol City,Wrexham,1,1,D,,,,,,,,,,,,,,,,,,,,,,1508.46,1396.76
E2,31/01/98,Burnley,York,7,2,H,,,,,,,,,,,,,,,,,,,,,,1324.8,1357.59
E2,31/01/98,Carlisle,Wycombe,0,0,D,,,,,,,,,,,,,,,,,,,,,,1317.87,1361.24
E2,31/01/98,Chesterfield,Watford,0,1,A,,,,,,,,,,,,,,,,,,,,,,1400.27,1497.68
E2,31/01/98,Gillingham,Bristol Rvs,1,1,D,,,,,,,,,,,,,,,,,,,,,,1384.35,1392.53
E2,31/01/98,Grimsby,Fulham,1,1,D,,,,,,,,,,,,,,,,,,,,,,1406.75,1412.89
E2,31/01/98,Luton,Bournemouth,1,2,A,,,,,,,,,,,,,,,,,,,,,,1362.28,1366.09
E2,31/01/98,Northampton,Oldham,0,0,D,,,,,,,,,,,,,,,,,,,,,,1382.08,1405.07
E2,31/01/98,Southend,Millwall,0,0,D,,,,,,,,,,,,,,,,,,,,,,1253.84,1334.6
E2,31/01/98,Walsall,Preston,1,1,D,,,,,,,,,,,,,,,,,,,,,,1403.45,1329.23
E2,03/02/98,Blackpool,Bristol City,2,2,D,,,,,,,,,,,,,,,,,,,,,,1361.05,1501.66
E2,07/02/98,Bournemouth,Bristol City,1,0,H,,,,,,,,,,,,,,,,,,,,,,1381.96,1500.21
E2,07/02/98,Bristol Rvs,Chesterfield,3,1,H,,,,,,,,,,,,,,,,,,,,,,1395.76,1387.68
E2,07/02/98,Fulham,Southend,2,0,H,,,,,,,,,,,,,,,,,,,,,,1416.19,1253.15
E2,07/02/98,Millwall,Grimsby,0,1,A,,,,,,,,,,,,,,,,,,,,,,1335.29,1403.45
E2,07/02/98,Oldham,Blackpool,0,1,A,,,,,,,,,,,,,,,,,,,,,,1407.8,1362.5
E2,07/02/98,Plymouth,Carlisle,2,1,H,,,,,,,,,,,,,,,,,,,,,,1307.56,1315.85
E2,07/02/98,Preston,Burnley,2,3,A,,,,,,,,,,,,,,,,,,,,,,1335.02,1334.91
E2,07/02/98,Wigan,Northampton,1,1,D,,,,,,,,,,,,,,,,,,,,,,1349.35,1379.35
E2,07/02/98,Wrexham,Luton,2,1,H,,,,,,,,,,,,,,,,,,,,,,1403.56,1346.41
E2,07/02/98,Wycombe,Brentford,0,0,D,,,,,,,,,,,,,,,,,,,,,,1363.26,1326.08
E2,07/02/98,York,Walsall,1,0,H,,,,,,,,,,,,,,,,,,,,,,1347.48,1397.66
E2,08/02/98,Watford,Gillingham,0,2,A,,,,,,,,,,,,,,,,,,,,,,1510.27,1381.12
E2,10/02/98,Northampton,Wycombe,2,0,H,,,,,,,,,,,,,,,,,,,,,,1381.83,1358.57
E2,14/02/98,Blackpool,Millwall,3,0,H,,,,,,,,,,,,,,,,,,,,,,1379.94,1321.65
E2,14/02/98,Bournemouth,Chesterfield,2,0,H,,,,,,,,,,,,,,,,,,,,,,1395.12,1378.95
E2,14/02/98,Brentford,Preston,0,0,D,,,,,,,,,,,,,,,,,,,,,,1330.77,1319.01
E2,14/02/98,Bristol City,Gillingham,0,2,A,,,,,,,,,,,,,,,,,,,,,,1487.05,1400.85
E2,14/02/98,Carlisle,Walsall,1,1,D,,,,,,,,,,,,,,,,,,,,,,1306.57,1386.94
E2,14/02/98,Northampton,Southend,3,1,H,,,,,,,,,,,,,,,,,,,,,,1390.07,1248.64
E2,14/02/98,Oldham,Fulham,1,0,H,,,,,,,,,,,,,,,,,,,,,,1390.36,1420.7
E2,14/02/98,Plymouth,York,0,0,D,,,,,,,,,,,,,,,,,,,,,,1316.84,1358.2
E2,14/02/98,Watford,Luton,1,1,D,,,,,,,,,,,,,,,,,,,,,,1490.54,1339.21
E2,14/02/98,Wigan,Grimsby,0,2,A,,,,,,,,,,,,,,,,,,,,,,1346.87,1417.09
E2,14/02/98,Wrexham,Bristol Rvs,1,0,H,,,,,,,,,,,,,,,,,,,,,,1410.76,1404.49
E2,14/02/98,Wycombe,Burnley,2,1,H,,,,,,,,,,,,,,,,,,,,,,1350.33,1350.92
E2,21/02/98,Bristol Rvs,Oldham,3,1,H,,,,,,,,,,,,,,,,,,,,,,1395.7,1400.39
E2,21/02/98,Burnley,Brentford,1,1,D,,,,,,,,,,,,,,,,,,,,,,1341.9,1326.88
E2,21/02/98,Chesterfield,Wrexham,3,1,H,,,,,,,,,,,,,,,,,,,,,,1370.48,1419.55
E2,21/02/98,Fulham,Wigan,2,0,H,,,,,,,,,,,,,,,,,,,,,,1410.67,1333.3
E2,21/02/98,Gillingham,Carlisle,1,0,H,,,,,,,,,,,,,,,,,,,,,,1419.47,1305.86
E2,21/02/98,Grimsby,Bournemouth,2,1,H,,,,,,,,,,,,,,,,,,,,,,1430.66,1403.59
E2,21/02/98,Luton,Bristol City,0,0,D,,,,,,,,,,,,,,,,,,,,,,1346.95,1468.43
E2,21/02/98,Millwall,Northampton,0,0,D,,,,,,,,,,,,,,,,,,,,,,1314.48,1395.06
E2,21/02/98,Preston,Wycombe,1,1,D,,,,,,,,,,,,,,,,,,,,,,1322.9,1359.35
E2,21/02/98,Southend,Blackpool,2,1,H,,,,,,,,,,,,,,,,,,,,,,1243.65,1387.11
E2,21/02/98,Walsall,Plymouth,0,1,A,,,,,,,,,,,,,,,,,,,,,,1387.65,1314.75
E2,21/02/98,York,Watford,1,1,D,,,,,,,,,,,,,,,,,,,,,,1360.29,1482.8
E2,24/02/98,Bristol Rvs,Wycombe,3,1,H,,,,,,,,,,,,,,,,,,,,,,1404.85,1361.61
E2,24/02/98,Burnley,Wrexham,1,2,A,,,,,,,,,,,,,,,,,,,,,,1337.91,1408.87
E2,24/02/98,Chesterfield,Oldham,2,1,H,,,,,,,,,,,,,,,,,,,,,,1381.16,1391.24
E2,24/02/98,Fulham,Bournemouth,0,1,A,,,,,,,,,,,,,,,,,,,,,,1417.29,1395.47
E2,24/02/98,Gillingham,Northampton,1,0,H,,,,,,,,,,,,,,,,,,,,,,1425.13,1395.76
E2,24/02/98,Grimsby,Blackpool,1,0,H,,,,,,,,,,,,,,,,,,,,,,1438.78,1373.05
E2,24/02/98,Luton,Wigan,1,1,D,,,,,,,,,,,,,,,,,,,,,,1347.72,1326.68
E2,24/02/98,Preston,Carlisle,0,3,A,,,,,,,,,,,,,,,,,,,,,,1320.64,1300.2
E2,24/02/98,Southend,Plymouth,3,0,H,,,,,,,,,,,,,,,,,,,,,,1257.71,1333.0
E2,24/02/98,Walsall,Brentford,0,0,D,,,,,,,,,,,,,,,,,,,,,,1369.4,1330.87
E2,24/02/98,York,Bristol City,0,1,A,,,,,,,,,,,,,,,,,,,,,,1361.1,1467.66
E2,25/02/98,Millwall,Watford,1,1,D,,,,,,,,,,,,,,,,,,,,,,1313.78,1481.99
E2,28/02/98,Blackpool,Fulham,2,1,H,,,,,,,,,,,,,,,,,,,,,,1366.1,1400.58
E2,28/02/98,Bournemouth,Preston,0,2,A,,,,,,,,,,,,,,,,,,,,,,1412.18,1303.97
E2,28/02/98,Brentford,York,1,2,A,,,,,,,,,,,,,,,,,,,,,,1335.61,1348.84
E2,28/02/98,Bristol City,Southend,1,0,H,,,,,,,,,,,,,,,,,,,,,,1479.92,1269.32
E2,28/02/98,Carlisle,Burnley,2,1,H,,,,,,,,,,,,,,,,,,,,,,1316.87,1324.37
E2,28/02/98,Northampton,Grimsby,2,1,H,,,,,,,,,,,,,,,,,,,,,,1387.71,1445.73
E2,28/02/98,Oldham,Millwall,1,1,D,,,,,,,,,,,,,,,,,,,,,,1381.9,1316.2
E2,28/02/98,Plymouth,Luton,0,2,A,,,,,,,,,,,,,,,,,,,,,,1321.39,1343.53
E2,28/02/98,Watford,Bristol Rvs,3,2,H,,,,,,,,,,,,,,,,,,,,,,1479.57,1412.47
E2,28/02/98,Wigan,Chesterfield,2,1,H,,,,,,,,,,,,,,,,,,,,,,1330.87,1390.5
E2,28/02/98,Wrexham,Walsall,2,1,H,,,,,,,,,,,,,,,,,,,,,,1422.41,1364.66
E2,28/02/98,Wycombe,Gillingham,1,0,H,,,,,,,,,,,,,,,,,,,,,,1353.99,1433.18
E2,03/03/98,Bournemouth,Plymouth,3,3,D,,,,,,,,,,,,,,,,,,,,,,1392.97,1306.13
E2,03/03/98,Bristol City,Brentford,2,2,D,,,,,,,,,,,,,,,,,,,,,,1483.5,1320.05
E2,03/03/98,Carlisle,Millwall,1,0,H,,,,,,,,,,,,,,,,,,,,,,1326.12,1321.75
E2,03/03/98,Fulham,Bristol Rvs,1,0,H,,,,,,,,,,,,,,,,,,,,,,1390.41,1405.56
E2,03/03/98,Gillingham,Oldham,2,1,H,,,,,,,,,,,,,,,,,,,,,,1421.43,1376.35
E2,03/03/98,Grimsby,Chesterfield,0,0,D,,,,,,,,,,,,,,,,,,,,,,1434.73,1379.45
E2,03/03/98,Northampton,Wrexham,0,1,A,,,,,,,,,,,,,,,,,,,,,,1398.71,1429.59
E2,03/03/98,Preston,Luton,1,0,H,,,,,,,,,,,,,,,,,,,,,,1323.18,1358.79
E2,03/03/98,Watford,Walsall,1,2,A,,,,,,,,,,,,,,,,,,,,,,1486.48,1357.48
E2,03/03/98,Wycombe,York,1,0,H,,,,,,,,,,,,,,,,,,,,,,1365.74,1364.4
E2,07/03/98,Blackpool,Watford,1,1,D,,,,,,,,,,,,,,,,,,,,,,1376.27,1466.76
E2,07/03/98,Brentford,Bournemouth,3,2,H,,,,,,,,,,,,,,,,,,,,,,1328.05,1386.83
E2,07/03/98,Bristol Rvs,Northampton,0,2,A,,,,,,,,,,,,,,,,,,,,,,1396.05,1383.76
E2,07/03/98,Chesterfield,Fulham,0,2,A,,,,,,,,,,,,,,,,,,,,,,1384.69,1399.92
E2,07/03/98,Luton,Wycombe,0,0,D,,,,,,,,,,,,,,,,,,,,,,1348.58,1374.69
E2,07/03/98,Millwall,Gillingham,1,0,H,,,,,,,,,,,,,,,,,,,,,,1312.9,1428.99
E2,07/03/98,Plymouth,Preston,2,0,H,,,,,,,,,,,,,,,,,,,,,,1312.27,1333.39
E2,07/03/98,Southend,Grimsby,0,1,A,,,,,,,,,,,,,,,,,,,,,,1265.74,1429.49
E2,07/03/98,Walsall,Burnley,0,0,D,,,,,,,,,,,,,,,,,,,,,,1377.2,1315.12
E2,07/03/98,Wrexham,Carlisle,2,2,D,,,,,,,,,,,,,,,,,,,,,,1444.54,1334.97
E2,07/03/98,York,Wigan,2,2,D,,,,,,,,,,,,,,,,,,,,,,1355.45,1341.92
E2,10/03/98,Bristol Rvs,York,1,2,A,,,,,,,,,,,,,,,,,,,,,,1379.65,1351.5
E2,14/03/98,Bournemouth,Wrexham,0,1,A,,,,,,,,,,,,,,,,,,,,,,1375.81,1437.8
E2,14/03/98,Bristol City,Bristol Rvs,2,0,H,,,,,,,,,,,,,,,,,,,,,,1475.5,1362.74
E2,14/03/98,Burnley,Luton,1,1,D,,,,,,,,,,,,,,,,,,,,,,1320.56,1345.96
E2,14/03/98,Carlisle,Brentford,1,2,A,,,,,,,,,,,,,,,,,,,,,,1341.71,1339.07
E2,14/03/98,Fulham,Millwall,1,2,A,,,,,,,,,,,,,,,,,,,,,,1415.41,1325.98
E2,14/03/98,Gillingham,Chesterfield,1,0,H,,,,,,,,,,,,,,,,,,,,,,1415.91,1369.2
E2,14/03/98,Grimsby,Walsall,3,0,H,,,,,,,,,,,,,,,,,,,,,,1439.72,1371.76
E2,14/03/98,Northampton,Blackpool,2,0,H,,,,,,,,,,,,,,,,,,,,,,1400.16,1375.93
E2,14/03/98,Preston,York,3,2,H,,,,,,,,,,,,,,,,,,,,,,1323.68,1368.41
E2,14/03/98,Watford,Southend,1,1,D,,,,,,,,,,,,,,,,,,,,,,1467.1,1255.51
E2,14/03/98,Wigan,Oldham,1,0,H,,,,,,,,,,,,,,,,,,,,,,1345.87,1368.79
E2,14/03/98,Wycombe,Plymouth,5,1,H,,,,,,,,,,,,,,,,,,,,,,1377.31,1321.98
E2,17/03/98,Watford,Carlisle,2,1,H,,,,,,,,,,,,,,,,,,,,,,1458.17,1325.62
E2,17/03/98,Wigan,Southend,1,3,A,,,,,,,,,,,,,,,,,,,,,,1355.64,1264.44
E2,17/03/98,Wrexham,Millwall,1,0,H,,,,,,,,,,,,,,,,,,,,,,1451.66,1344.69
E2,21/03/98,Blackpool,Gillingham,2,1,H,,,,,,,,,,,,,,,,,,,,,,1367.72,1423.42
E2,21/03/98,Brentford,Northampton,0,0,D,,,,,,,,,,,,,,,,,,,,,,1355.16,1408.37
E2,21/03/98,Bristol Rvs,Preston,2,2,D,,,,,,,,,,,,,,,,,,,,,,1357.06,1334.21
E2,21/03/98,Chesterfield,Carlisle,2,1,H,,,,,,,,,,,,,,,,,,,,,,1361.69,1320.43
E2,21/03/98,Luton,Grimsby,2,2,D,,,,,,,,,,,,,,,,,,,,,,1348.6,1446.61
E2,21/03/98,Millwall,Burnley,1,0,H,,,,,,,,,,,,,,,,,,,,,,1338.86,1317.92
E2,21/03/98,Oldham,Watford,2,2,D,,,,,,,,,,,,,,,,,,,,,,1359.02,1463.36
E2,21/03/98,Plymouth,Bristol City,2,0,H,,,,,,,,,,,,,,,,,,,,,,1314.72,1481.18
E2,21/03/98,Southend,Bournemouth,5,3,H,,,,,,,,,,,,,,,,,,,,,,1283.2,1361.95
E2,21/03/98,Walsall,Wigan,1,0,H,,,,,,,,,,,,,,,,,,,,,,1364.87,1336.88
E2,21/03/98,Wrexham,Wycombe,2,0,H,,,,,,,,,,,,,,,,,,,,,,1457.49,1384.57
E2,21/03/98,York,Fulham,0,1,A,,,,,,,,,,,,,,,,,,,,,,1357.88,1396.7
E2,24/03/98,Grimsby,Plymouth,1,0,H,,,,,,,,,,,,,,,,,,,,,,1446.68,1329.58
E2,25/03/98,Millwall,Preston,0,1,A,,,,,,,,,,,,,,,,,,,,,,1347.18,1338.45
E2,27/03/98,Bristol Rvs,Southend,2,0,H,,,,,,,,,,,,,,,,,,,,,,1352.82,1294.94
E2,28/03/98,Brentford,Oldham,2,1,H,,,,,,,,,,,,,,,,,,,,,,1353.49,1359.18
E2,28/03/98,Burnley,Grimsby,2,1,H,,,,,,,,,,,,,,,,,,,,,,1309.6,1452.25
E2,28/03/98,Carlisle,Bournemouth,0,1,A,,,,,,,,,,,,,,,,,,,,,,1312.75,1350.21
E2,28/03/98,Chesterfield,Millwall,3,1,H,,,,,,,,,,,,,,,,,,,,,,1369.37,1330.89
E2,28/03/98,Gillingham,Fulham,2,0,H,,,,,,,,,,,,,,,,,,,,,,1412.51,1411.38
E2,28/03/98,Plymouth,Wrexham,2,0,H,,,,,,,,,,,,,,,,,,,,,,1324.01,1464.24
E2,28/03/98,Preston,Wigan,1,1,D,,,,,,,,,,,,,,,,,,,,,,1354.74,1328.79
E2,28/03/98,Walsall,Luton,2,3,A,,,,,,,,,,,,,,,,,,,,,,1372.96,1348.53
E2,28/03/98,Watford,Northampton,1,1,D,,,,,,,,,,,,,,,,,,,,,,1463.2,1410.04
E2,28/03/98,Wycombe,Bristol City,1,2,A,,,,,,,,,,,,,,,,,,,,,,1377.82,1466.32
E2,28/03/98,York,Blackpool,1,1,D,,,,,,,,,,,,,,,,,,,,,,1343.2,1378.63
E2,31/03/98,Oldham,Bristol City,1,2,A,,,,,,,,,,,,,,,,,,,,,,1349.99,1479.23
E2,31/03/98,Walsall,Gillingham,1,0,H,,,,,,,,,,,,,,,,,,,,,,1356.17,1421.47
E2,31/03/98,Wrexham,Grimsby,0,0,D,,,,,,,,,,,,,,,,,,,,,,1450.3,1438.22
E2,03/04/98,Southend,Chesterfield,0,2,A,,,,,,,,,,,,,,,,,,,,,,1287.76,1377.14
E2,04/04/98,Blackpool,Walsall,1,0,H,,,,,,,,,,,,,,,,,,,,,,1380.93,1367.43
E2,04/04/98,Bournemouth,Wycombe,0,0,D,,,,,,,,,,,,,,,,,,,,,,1364.94,1364.91
E2,04/04/98,Bristol City,Carlisle,1,0,H,,,,,,,,,,,,,,,,,,,,,,1490.68,1298.02
E2,04/04/98,Fulham,Preston,2,1,H,,,,,,,,,,,,,,,,,,,,,,1402.42,1350.4
E2,04/04/98,Grimsby,Gillingham,0,0,D,,,,,,,,,,,,,,,,,,,,,,1442.12,1410.21
E2,04/04/98,Luton,York,3,0,H,,,,,,,,,,,,,,,,,,,,,,1365.32,1340.9
E2,04/04/98,Millwall,Bristol Rvs,1,1,D,,,,,,,,,,,,,,,,,,,,,,1323.12,1360.0
E2,04/04/98,Northampton,Burnley,0,1,A,,,,,,,,,,,,,,,,,,,,,,1415.22,1323.63
E2,04/04/98,Oldham,Plymouth,2,0,H,,,,,,,,,,,,,,,,,,,,,,1338.54,1337.95
E2,04/04/98,Wigan,Watford,3,2,H,,,,,,,,,,,,,,,,,,,,,,1333.13,1458.02
E2,04/04/98,Wrexham,Brentford,2,2,D,,,,,,,,,,,,,,,,,,,,,,1446.4,1362.68
E2,07/04/98,Burnley,Blackpool,1,2,A,,,,,,,,,,,,,,,,,,,,,,1342.4,1389.49
E2,07/04/98,Fulham,Walsall,1,1,D,,,,,,,,,,,,,,,,,,,,,,1409.77,1358.87
E2,07/04/98,Grimsby,Luton,0,1,A,,,,,,,,,,,,,,,,,,,,,,1437.59,1373.53
E2,07/04/98,Wigan,Bournemouth,1,0,H,,,,,,,,,,,,,,,,,,,,,,1346.52,1361.44
E2,10/04/98,Bristol Rvs,Wigan,5,0,H,,,,,,,,,,,,,,,,,,,,,,1362.25,1356.02
E2,10/04/98,Wycombe,Grimsby,1,1,D,,,,,,,,,,,,,,,,,,,,,,1368.41,1419.59
E2,11/04/98,Brentford,Fulham,0,2,A,,,,,,,,,,,,,,,,,,,,,,1368.74,1404.66
E2,11/04/98,Burnley,Bristol City,1,0,H,,,,,,,,,,,,,,,,,,,,,,1328.01,1494.59
E2,11/04/98,Carlisle,Oldham,3,1,H,,,,,,,,,,,,,,,,,,,,,,1294.11,1347.52
E2,11/04/98,Chesterfield,Northampton,2,1,H,,,,,,,,,,,,,,,,,,,,,,1390.02,1396.45
E2,11/04/98,Gillingham,Luton,2,1,H,,,,,,,,,,,,,,,,,,,,,,1414.74,1391.53
E2,11/04/98,Plymouth,Blackpool,3,1,H,,,,,,,,,,,,,,,,,,,,,,1328.97,1403.88
E2,11/04/98,Preston,Southend,1,0,H,,,,,,,,,,,,,,,,,,,,,,1343.05,1274.88
E2,11/04/98,Walsall,Millwall,2,0,H,,,,,,,,,,,,,,,,,,,,,,1363.98,1320.87
E2,11/04/98,Watford,Wrexham,1,0,H,,,,,,,,,,,,,,,,,,,,,,1444.63,1440.34
E2,11/04/98,York,Bournemouth,0,1,A,,,,,,,,,,,,,,,,,,,,,,1332.69,1351.94
E2,13/04/98,Blackpool,Brentford,1,2,A,,,,,,,,,,,,,,,,,,,,,,1392.28,1353.96
E2,13/04/98,Bristol City,Watford,1,1,D,,,,,,,,,,,,,,,,,,,,,,1479.72,1453.49
E2,13/04/98,Fulham,Carlisle,5,0,H,,,,,,,,,,,,,,,,,,,,,,1419.44,1304.94
E2,13/04/98,Grimsby,Bristol Rvs,1,2,A,,,,,,,,,,,,,,,,,,,,,,1421.33,1371.04
E2,13/04/98,Millwall,Plymouth,1,1,D,,,,,,,,,,,,,,,,,,,,,,1313.25,1340.57
E2,13/04/98,Northampton,Preston,2,2,D,,,,,,,,,,,,,,,,,,,,,,1387.24,1349.93
E2,13/04/98,Oldham,Wycombe,0,1,A,,,,,,,,,,,,,,,,,,,,,,1336.69,1366.67
E2,13/04/98,Southend,Gillingham,0,0,D,,,,,,,,,,,,,,,,,,,,,,1268.0,1422.98
E2,13/04/98,Wigan,Burnley,5,1,H,,,,,,,,,,,,,,,,,,,,,,1347.23,1342.88
E2,13/04/98,Wrexham,York,1,2,A,,,,,,,,,,,,,,,,,,,,,,1431.48,1317.34
E2,14/04/98,Bournemouth,Walsall,1,0,H,,,,,,,,,,,,,,,,,,,,,,1367.29,1371.6
E2,14/04/98,Luton,Chesterfield,3,0,H,,,,,,,,,,,,,,,,,,,,,,1383.29,1399.23
E2,18/04/98,Brentford,Wigan,0,2,A,,,,,,,,,,,,,,,,,,,,,,1371.19,1356.08
E2,18/04/98,Bristol Rvs,Luton,2,1,H,,,,,,,,,,,,,,,,,,,,,,1388.63,1392.82
E2,18/04/98,Burnley,Fulham,2,1,H,,,,,,,,,,,,,,,,,,,,,,1334.03,1425.07
E2,18/04/98,Chesterfield,Bristol City,1,0,H,,,,,,,,,,,,,,,,,,,,,,1389.7,1475.37
E2,18/04/98,Gillingham,Wrexham,1,1,D,,,,,,,,,,,,,,,,,,,,,,1421.02,1412.12
E2,18/04/98,Plymouth,Northampton,1,3,A,,,,,,,,,,,,,,,,,,,,,,1343.15,1382.54
E2,18/04/98,Preston,Blackpool,3,3,D,,,,,,,,,,,,,,,,,,,,,,1354.63,1375.05
E2,18/04/98,Walsall,Oldham,0,0,D,,,,,,,,,,,,,,,,,,,,,,1362.46,1321.7
E2,18/04/98,Wycombe,Millwall,0,0,D,,,,,,,,,,,,,,,,,,,,,,1381.66,1310.67
E2,18/04/98,York,Southend,1,1,D,,,,,,,,,,,,,,,,,,,,,,1336.7,1269.96
E2,21/04/98,Carlisle,Grimsby,0,1,A,,,,,,,,,,,,,,,,,,,,,,1299.31,1403.74
E2,21/04/98,Wigan,Walsall,2,0,H,,,,,,,,,,,,,,,,,,,,,,1372.58,1357.66
E2,24/04/98,Wigan,Millwall,0,0,D,,,,,,,,,,,,,,,,,,,,,,1381.09,1316.37
E2,25/04/98,Blackpool,Bristol Rvs,1,0,H,,,,,,,,,,,,,,,,,,,,,,1377.86,1397.77
E2,25/04/98,Bournemouth,Burnley,2,1,H,,,,,,,,,,,,,,,,,,,,,,1376.43,1346.21
E2,25/04/98,Brentford,Luton,2,2,D,,,,,,,,,,,,,,,,,,,,,,1354.69,1383.68
E2,25/04/98,Bristol City,Walsall,2,1,H,,,,,,,,,,,,,,,,,,,,,,1463.39,1349.15
E2,25/04/98,Carlisle,York,1,2,A,,,,,,,,,,,,,,,,,,,,,,1286.97,1331.12
E2,25/04/98,Northampton,Fulham,1,0,H,,,,,,,,,,,,,,,,,,,,,,1397.2,1412.89
E2,25/04/98,Oldham,Southend,2,0,H,,,,,,,,,,,,,,,,,,,,,,1326.5,1275.54
E2,25/04/98,Plymouth,Gillingham,0,1,A,,,,,,,,,,,,,,,,,,,,,,1328.49,1417.23
E2,25/04/98,Watford,Grimsby,0,0,D,,,,,,,,,,,,,,,,,,,,,,1457.84,1416.08
E2,25/04/98,Wrexham,Preston,0,0,D,,,,,,,,,,,,,,,,,,,,,,1415.91,1351.82
E2,25/04/98,Wycombe,Chesterfield,1,1,D,,,,,,,,,,,,,,,,,,,,,,1375.96,1401.68
E2,28/04/98,Oldham,Burnley,3,3,D,,,,,,,,,,,,,,,,,,,,,,1333.89,1338.19
E2,28/04/98,Watford,Bournemouth,2,1,H,,,,,,,,,,,,,,,,,,,,,,1453.01,1384.45
E2,02/05/98,Bristol Rvs,Brentford,2,1,H,,,,,,,,,,,,,,,,,,,,,,1388.1,1352.17
E2,02/05/98,Burnley,Plymouth,2,1,H,,,,,,,,,,,,,,,,,,,,,,1341.55,1315.59
E2,02/05/98,Chesterfield,Blackpool,1,1,D,,,,,,,,,,,,,,,,,,,,,,1404.31,1387.53
E2,02/05/98,Fulham,Watford,1,2,A,,,,,,,,,,,,,,,,,,,,,,1403.37,1459.88
E2,02/05/98,Gillingham,Wigan,0,0,D,,,,,,,,,,,,,,,,,,,,,,1430.13,1375.57
E2,02/05/98,Grimsby,Oldham,0,2,A,,,,,,,,,,,,,,,,,,,,,,1420.91,1330.53
E2,02/05/98,Luton,Carlisle,3,2,H,,,,,,,,,,,,,,,,,,,,,,1386.2,1272.48
E2,02/05/98,Millwall,Bournemouth,1,2,A,,,,,,,,,,,,,,,,,,,,,,1321.89,1377.58
E2,02/05/98,Preston,Bristol City,2,1,H,,,,,,,,,,,,,,,,,,,,,,1357.32,1469.03
E2,02/05/98,Southend,Wrexham,1,3,A,,,,,,,,,,,,,,,,,,,,,,1268.15,1410.41
E2,02/05/98,Walsall,Wycombe,0,1,A,,,,,,,,,,,,,,,,,,,,,,1343.51,1373.33
E2,02/05/98,York,Northampton,0,0,D,,,,,,,,,,,,,,,,,,,,,,1345.61,1406.72
